Date,Open,High,Low,Close,Volume
2015-01-01,2594.0,2603.0,2581.0,2600.0,2941
2015-01-02,2590.0,2630.0,2586.0,2623.0,378
2015-01-05,2609.0,2666.0,2608.0,2659.0,2989
2015-01-06,2656.0,2738.0,2654.0,2719.0,936
2015-01-07,2719.0,2727.0,2694.0,2702.0,2743
2015-01-08,2712.0,2714.0,2662.0,2681.0,393
2015-01-09,2686.0,2706.0,2679.0,2703.0,2696
2015-01-12,2708.0,2713.0,2697.0,2708.0,1124
2015-01-13,2700.0,2741.0,2682.0,2718.0,969
2015-01-14,2725.0,2730.0,2689.0,2714.0,778
2015-01-15,2725.0,2729.0,2698.0,2699.0,574
2015-01-16,2702.0,2759.0,2687.0,2752.0,2435
2015-01-19,2755.0,2756.0,2715.0,2723.0,394
2015-01-20,2713.0,2748.0,2702.0,2747.0,1497
2015-01-21,2756.0,2780.0,2750.0,2768.0,2856
2015-01-22,2783.0,2787.0,2717.0,2724.0,1334
2015-01-23,2727.0,2733.0,2696.0,2702.0,2515
2015-01-26,2697.0,2708.0,2682.0,2686.0,2138
2015-01-27,2685.0,2706.0,2671.0,2706.0,2426
2015-01-28,2702.0,2703.0,2692.0,2699.0,2852
2015-01-29,2696.0,2704.0,2686.0,2700.0,474
2015-01-30,2706.0,2711.0,2661.0,2661.0,1044
2015-02-02,2663.0,2743.0,2662.0,2733.0,1100
2015-02-03,2742.0,2759.0,2716.0,2740.0,386
2015-02-04,2743.0,2766.0,2733.0,2759.0,497
2015-02-05,2751.0,2761.0,2738.0,2745.0,507
2015-02-06,2741.0,2746.0,2716.0,2729.0,2859
2015-02-09,2724.0,2795.0,2722.0,2791.0,2600
2015-02-10,2789.0,2793.0,2730.0,2736.0,1847
2015-02-11,2751.0,2765.0,2730.0,2749.0,2568
2015-02-12,2765.0,2775.0,2693.0,2716.0,1162
2015-02-13,2723.0,2726.0,2701.0,2709.0,1531
2015-02-16,2710.0,2711.0,2684.0,2693.0,2673
2015-02-17,2682.0,2683.0,2648.0,2667.0,613
2015-02-18,2669.0,2673.0,2666.0,2670.0,609
2015-02-19,2664.0,2664.0,2585.0,2599.0,1674
2015-02-20,2612.0,2620.0,2590.0,2595.0,907
2015-02-23,2582.0,2595.0,2574.0,2595.0,2071
2015-02-24,2598.0,2616.0,2552.0,2559.0,1980
2015-02-25,2552.0,2604.0,2547.0,2604.0,1130
2015-02-26,2604.0,2621.0,2589.0,2590.0,524
2015-02-27,2595.0,2602.0,2574.0,2587.0,431
2015-03-02,2595.0,2599.0,2571.0,2574.0,1440
2015-03-03,2574.0,2575.0,2570.0,2574.0,1101
2015-03-04,2580.0,2618.0,2560.0,2615.0,294
2015-03-05,2610.0,2713.0,2605.0,2690.0,2133
2015-03-06,2692.0,2737.0,2689.0,2716.0,2880
2015-03-09,2724.0,2770.0,2715.0,2752.0,2939
2015-03-10,2755.0,2815.0,2752.0,2808.0,529
2015-03-11,2803.0,2830.0,2787.0,2819.0,732
2015-03-12,2817.0,2890.0,2811.0,2871.0,1409
2015-03-13,2880.0,2912.0,2874.0,2899.0,2760
2015-03-16,2890.0,2915.0,2889.0,2907.0,1808
2015-03-17,2899.0,2920.0,2895.0,2919.0,1478
2015-03-18,2924.0,2931.0,2858.0,2863.0,2792
2015-03-19,2860.0,2875.0,2859.0,2874.0,2057
2015-03-20,2862.0,2864.0,2821.0,2828.0,2957
2015-03-23,2839.0,2847.0,2780.0,2780.0,2618
2015-03-24,2771.0,2803.0,2765.0,2790.0,2995
2015-03-25,2788.0,2804.0,2746.0,2757.0,1760
2015-03-26,2752.0,2778.0,2748.0,2760.0,1248
2015-03-27,2758.0,2777.0,2740.0,2765.0,372
2015-03-30,2758.0,2785.0,2746.0,2773.0,2243
2015-03-31,2779.0,2783.0,2743.0,2749.0,944
2015-04-01,2750.0,2783.0,2732.0,2779.0,230
2015-04-02,2788.0,2790.0,2768.0,2780.0,2448
2015-04-03,2775.0,2803.0,2763.0,2798.0,1387
2015-04-06,2816.0,2816.0,2753.0,2764.0,1748
2015-04-07,2748.0,2762.0,2746.0,2761.0,2395
2015-04-08,2748.0,2826.0,2744.0,2799.0,1121
2015-04-09,2814.0,2838.0,2802.0,2832.0,2486
2015-04-10,2836.0,2855.0,2795.0,2810.0,1833
2015-04-13,2813.0,2829.0,2787.0,2796.0,1789
2015-04-14,2799.0,2805.0,2755.0,2768.0,951
2015-04-15,2773.0,2795.0,2735.0,2753.0,2408
2015-04-16,2755.0,2755.0,2698.0,2714.0,874
2015-04-17,2706.0,2720.0,2705.0,2714.0,1933
2015-04-20,2721.0,2737.0,2716.0,2737.0,2519
2015-04-21,2742.0,2754.0,2713.0,2717.0,526
2015-04-22,2728.0,2737.0,2713.0,2718.0,1320
2015-04-23,2733.0,2743.0,2705.0,2715.0,2097
2015-04-24,2718.0,2764.0,2713.0,2751.0,967
2015-04-27,2741.0,2745.0,2734.0,2735.0,278
2015-04-28,2750.0,2762.0,2718.0,2722.0,1345
2015-04-29,2713.0,2717.0,2686.0,2700.0,1590
2015-04-30,2702.0,2721.0,2646.0,2669.0,2777
2015-05-01,2667.0,2689.0,2654.0,2688.0,2460
2015-05-04,2685.0,2693.0,2663.0,2688.0,706
2015-05-05,2694.0,2696.0,2687.0,2693.0,975
2015-05-06,2695.0,2741.0,2684.0,2735.0,718
2015-05-07,2740.0,2787.0,2718.0,2780.0,2750
2015-05-08,2773.0,2775.0,2727.0,2735.0,1190
2015-05-11,2733.0,2763.0,2718.0,2758.0,2695
2015-05-12,2752.0,2774.0,2734.0,2769.0,369
2015-05-13,2767.0,2771.0,2743.0,2759.0,1764
2015-05-14,2758.0,2777.0,2748.0,2771.0,409
2015-05-15,2787.0,2796.0,2708.0,2722.0,1752
2015-05-18,2720.0,2779.0,2719.0,2769.0,230
2015-05-19,2751.0,2788.0,2748.0,2788.0,637
2015-05-20,2800.0,2800.0,2765.0,2766.0,609
2015-05-21,2770.0,2776.0,2751.0,2752.0,2185
2015-05-22,2751.0,2753.0,2688.0,2705.0,1993
2015-05-25,2701.0,2711.0,2693.0,2701.0,1763
2015-05-26,2693.0,2706.0,2682.0,2690.0,749
2015-05-27,2706.0,2721.0,2653.0,2656.0,944
2015-05-28,2657.0,2696.0,2648.0,2682.0,1257
2015-05-29,2668.0,2737.0,2657.0,2724.0,2940
2015-06-01,2727.0,2730.0,2708.0,2726.0,2175
2015-06-02,2736.0,2737.0,2716.0,2721.0,288
2015-06-03,2722.0,2741.0,2721.0,2739.0,289
2015-06-04,2731.0,2747.0,2722.0,2740.0,1173
2015-06-05,2732.0,2736.0,2692.0,2712.0,785
2015-06-08,2705.0,2710.0,2693.0,2697.0,1339
2015-06-09,2710.0,2724.0,2690.0,2692.0,2988
2015-06-10,2692.0,2728.0,2684.0,2702.0,748
2015-06-11,2689.0,2707.0,2679.0,2707.0,1871
2015-06-12,2710.0,2729.0,2708.0,2717.0,1551
2015-06-15,2718.0,2725.0,2671.0,2676.0,2047
2015-06-16,2673.0,2706.0,2669.0,2700.0,1730
2015-06-17,2692.0,2707.0,2679.0,2706.0,1644
2015-06-18,2697.0,2796.0,2697.0,2787.0,972
2015-06-19,2796.0,2798.0,2766.0,2778.0,2904
2015-06-22,2780.0,2809.0,2780.0,2792.0,948
2015-06-23,2796.0,2902.0,2795.0,2884.0,604
2015-06-24,2886.0,2907.0,2883.0,2896.0,468
2015-06-25,2899.0,2900.0,2888.0,2898.0,388
2015-06-26,2894.0,2906.0,2860.0,2871.0,1188
2015-06-29,2869.0,2948.0,2850.0,2925.0,2485
2015-06-30,2935.0,2957.0,2876.0,2890.0,632
2015-07-01,2902.0,2931.0,2897.0,2906.0,211
2015-07-02,2896.0,2898.0,2893.0,2894.0,1683
2015-07-03,2892.0,2900.0,2888.0,2891.0,1772
2015-07-06,2898.0,2903.0,2844.0,2848.0,1777
2015-07-07,2864.0,2912.0,2856.0,2894.0,203
2015-07-08,2910.0,2925.0,2885.0,2889.0,768
2015-07-09,2882.0,2885.0,2847.0,2852.0,1175
2015-07-10,2863.0,2921.0,2835.0,2895.0,2271
2015-07-13,2895.0,2906.0,2870.0,2882.0,2022
2015-07-14,2891.0,2901.0,2889.0,2897.0,2480
2015-07-15,2904.0,2936.0,2888.0,2930.0,1732
2015-07-16,2918.0,2966.0,2904.0,2951.0,1329
2015-07-17,2956.0,2965.0,2868.0,2884.0,1767
2015-07-20,2893.0,2913.0,2890.0,2909.0,1277
2015-07-21,2908.0,2911.0,2906.0,2906.0,640
2015-07-22,2904.0,2908.0,2892.0,2899.0,1812
2015-07-23,2885.0,2900.0,2883.0,2898.0,1025
2015-07-24,2904.0,2919.0,2848.0,2850.0,940
2015-07-27,2851.0,2871.0,2846.0,2858.0,2188
2015-07-28,2850.0,2855.0,2807.0,2818.0,385
2015-07-29,2816.0,2838.0,2797.0,2814.0,265
2015-07-30,2815.0,2825.0,2810.0,2822.0,1197
2015-07-31,2817.0,2872.0,2796.0,2858.0,1866
2015-08-03,2858.0,2865.0,2823.0,2834.0,2551
2015-08-04,2819.0,2896.0,2816.0,2881.0,1647
2015-08-05,2893.0,2920.0,2889.0,2914.0,924
2015-08-06,2914.0,2917.0,2899.0,2903.0,1163
2015-08-07,2893.0,2906.0,2859.0,2872.0,1259
2015-08-10,2851.0,2879.0,2814.0,2830.0,1137
2015-08-11,2838.0,2845.0,2838.0,2842.0,2072
2015-08-12,2847.0,2856.0,2818.0,2821.0,2437
2015-08-13,2823.0,2860.0,2818.0,2860.0,2184
2015-08-14,2867.0,2873.0,2833.0,2840.0,1269
2015-08-17,2848.0,2848.0,2801.0,2814.0,1005
2015-08-18,2816.0,2850.0,2796.0,2826.0,423
2015-08-19,2824.0,2826.0,2794.0,2806.0,2434
2015-08-20,2803.0,2821.0,2789.0,2810.0,2893
2015-08-21,2814.0,2851.0,2805.0,2842.0,353
2015-08-24,2854.0,2865.0,2844.0,2849.0,565
2015-08-25,2848.0,2858.0,2844.0,2856.0,800
2015-08-26,2868.0,2871.0,2858.0,2864.0,2432
2015-08-27,2867.0,2878.0,2809.0,2814.0,805
2015-08-28,2817.0,2835.0,2800.0,2827.0,239
2015-08-31,2848.0,2853.0,2835.0,2835.0,1140
2015-09-01,2849.0,2876.0,2822.0,2865.0,1220
2015-09-02,2879.0,2887.0,2872.0,2885.0,1306
2015-09-03,2878.0,2898.0,2862.0,2879.0,1642
2015-09-04,2898.0,2919.0,2874.0,2914.0,877
2015-09-07,2914.0,2935.0,2896.0,2909.0,283
2015-09-08,2907.0,2926.0,2902.0,2919.0,500
2015-09-09,2900.0,2921.0,2892.0,2910.0,2255
2015-09-10,2913.0,2939.0,2899.0,2928.0,2047
2015-09-11,2918.0,2924.0,2897.0,2919.0,929
2015-09-14,2922.0,2986.0,2922.0,2974.0,2834
2015-09-15,2964.0,3062.0,2948.0,3042.0,1715
2015-09-16,3059.0,3076.0,3054.0,3075.0,2431
2015-09-17,3080.0,3147.0,3059.0,3129.0,2418
2015-09-18,3151.0,3155.0,3064.0,3080.0,1040
2015-09-21,3071.0,3090.0,3034.0,3034.0,1855
2015-09-22,3048.0,3061.0,3009.0,3023.0,1860
2015-09-23,3007.0,3033.0,2989.0,3025.0,1475
2015-09-24,3026.0,3029.0,3020.0,3021.0,1978
2015-09-25,3016.0,3028.0,2968.0,2970.0,1141
2015-09-28,2966.0,3012.0,2965.0,3009.0,474
2015-09-29,3005.0,3096.0,2976.0,3083.0,326
2015-09-30,3074.0,3134.0,3071.0,3129.0,1451
2015-10-01,3117.0,3187.0,3108.0,3167.0,2756
2015-10-02,3163.0,3176.0,3161.0,3175.0,800
2015-10-05,3176.0,3200.0,3143.0,3147.0,1857
2015-10-06,3158.0,3168.0,3150.0,3150.0,659
2015-10-07,3153.0,3234.0,3128.0,3225.0,1968
2015-10-08,3237.0,3252.0,3192.0,3213.0,715
2015-10-09,3199.0,3210.0,3194.0,3199.0,1433
2015-10-12,3195.0,3248.0,3187.0,3241.0,2463
2015-10-13,3248.0,3287.0,3230.0,3284.0,1243
2015-10-14,3287.0,3316.0,3242.0,3255.0,2815
2015-10-15,3246.0,3254.0,3240.0,3243.0,330
2015-10-16,3252.0,3261.0,3216.0,3226.0,434
2015-10-19,3221.0,3235.0,3206.0,3228.0,673
2015-10-20,3221.0,3270.0,3220.0,3267.0,882
2015-10-21,3271.0,3288.0,3221.0,3237.0,1391
2015-10-22,3237.0,3280.0,3229.0,3276.0,2758
2015-10-23,3271.0,3286.0,3258.0,3281.0,876
2015-10-26,3276.0,3385.0,3275.0,3365.0,1199
2015-10-27,3355.0,3378.0,3353.0,3377.0,324
2015-10-28,3373.0,3374.0,3365.0,3374.0,2200
2015-10-29,3385.0,3409.0,3366.0,3395.0,1728
2015-10-30,3397.0,3400.0,3349.0,3384.0,326
2015-11-02,3393.0,3399.0,3307.0,3319.0,1499
2015-11-03,3324.0,3324.0,3298.0,3312.0,811
2015-11-04,3306.0,3325.0,3294.0,3302.0,1379
2015-11-05,3286.0,3290.0,3216.0,3244.0,995
2015-11-06,3235.0,3248.0,3222.0,3242.0,2395
2015-11-09,3235.0,3238.0,3165.0,3169.0,360
2015-11-10,3162.0,3163.0,3153.0,3157.0,1878
2015-11-11,3167.0,3172.0,3161.0,3165.0,2420
2015-11-12,3174.0,3180.0,3143.0,3169.0,203
2015-11-13,3190.0,3191.0,3142.0,3155.0,2732
2015-11-16,3148.0,3167.0,3142.0,3155.0,2333
2015-11-17,3170.0,3174.0,3121.0,3130.0,982
2015-11-18,3145.0,3163.0,3126.0,3129.0,1551
2015-11-19,3127.0,3145.0,3124.0,3131.0,2106
2015-11-20,3136.0,3154.0,3086.0,3099.0,1647
2015-11-23,3110.0,3127.0,3089.0,3107.0,2318
2015-11-24,3107.0,3136.0,3107.0,3117.0,2690
2015-11-25,3116.0,3130.0,3104.0,3113.0,1202
2015-11-26,3107.0,3204.0,3095.0,3196.0,505
2015-11-27,3173.0,3205.0,3171.0,3189.0,1408
2015-11-30,3190.0,3208.0,3171.0,3177.0,1878
2015-12-01,3170.0,3180.0,3162.0,3162.0,2370
2015-12-02,3152.0,3160.0,3119.0,3127.0,990
2015-12-03,3131.0,3151.0,3130.0,3150.0,2798
2015-12-04,3137.0,3160.0,3122.0,3126.0,302
2015-12-07,3133.0,3151.0,3091.0,3106.0,1825
2015-12-08,3110.0,3120.0,3082.0,3085.0,1424
2015-12-09,3082.0,3104.0,3049.0,3050.0,2145
2015-12-10,3050.0,3052.0,2982.0,2994.0,994
2015-12-11,2984.0,3011.0,2971.0,2978.0,2809
2015-12-14,2984.0,3006.0,2969.0,3006.0,204
2015-12-15,3007.0,3015.0,2999.0,3014.0,2483
2015-12-16,3017.0,3076.0,3008.0,3070.0,1580
2015-12-17,3074.0,3095.0,3065.0,3093.0,1644
2015-12-18,3087.0,3115.0,3067.0,3110.0,1071
2015-12-21,3096.0,3180.0,3071.0,3175.0,1296
2015-12-22,3184.0,3195.0,3167.0,3173.0,1415
2015-12-23,3179.0,3181.0,3162.0,3173.0,1071
2015-12-24,3168.0,3181.0,3154.0,3172.0,232
2015-12-25,3175.0,3238.0,3171.0,3226.0,1321
2015-12-28,3238.0,3255.0,3216.0,3225.0,1324
2015-12-29,3236.0,3241.0,3182.0,3200.0,2221
2015-12-30,3195.0,3224.0,3179.0,3219.0,1517
2015-12-31,3205.0,3215.0,3168.0,3187.0,1738
2016-01-01,3175.0,3212.0,3168.0,3205.0,1504
2016-01-04,3202.0,3226.0,3200.0,3218.0,1387
2016-01-05,3232.0,3234.0,3207.0,3210.0,2207
2016-01-06,3203.0,3245.0,3196.0,3229.0,2091
2016-01-07,3223.0,3228.0,3174.0,3175.0,2975
2016-01-08,3170.0,3194.0,3169.0,3181.0,1591
2016-01-11,3176.0,3185.0,3146.0,3164.0,278
2016-01-12,3164.0,3271.0,3143.0,3265.0,1838
2016-01-13,3252.0,3278.0,3243.0,3270.0,1308
2016-01-14,3280.0,3294.0,3233.0,3247.0,468
2016-01-15,3246.0,3273.0,3193.0,3197.0,2598
2016-01-18,3221.0,3256.0,3198.0,3243.0,1972
2016-01-19,3231.0,3248.0,3223.0,3229.0,1951
2016-01-20,3245.0,3247.0,3200.0,3202.0,1981
2016-01-21,3216.0,3219.0,3214.0,3215.0,2954
2016-01-22,3211.0,3245.0,3206.0,3237.0,2126
2016-01-25,3233.0,3283.0,3228.0,3257.0,2197
2016-01-26,3248.0,3265.0,3239.0,3255.0,2302
2016-01-27,3246.0,3268.0,3230.0,3260.0,2227
2016-01-28,3260.0,3289.0,3256.0,3268.0,2171
2016-01-29,3268.0,3292.0,3250.0,3280.0,413
2016-02-01,3264.0,3302.0,3260.0,3292.0,1326
2016-02-02,3315.0,3340.0,3314.0,3332.0,970
2016-02-03,3329.0,3349.0,3327.0,3333.0,2693
2016-02-04,3334.0,3345.0,3298.0,3301.0,1834
2016-02-05,3295.0,3297.0,3289.0,3294.0,1644
2016-02-08,3292.0,3329.0,3290.0,3321.0,1662
2016-02-09,3318.0,3319.0,3236.0,3256.0,2110
2016-02-10,3256.0,3277.0,3179.0,3192.0,2335
2016-02-11,3192.0,3238.0,3178.0,3224.0,764
2016-02-12,3232.0,3288.0,3214.0,3278.0,2982
2016-02-15,3280.0,3288.0,3217.0,3232.0,2333
2016-02-16,3239.0,3244.0,3234.0,3237.0,779
2016-02-17,3237.0,3237.0,3210.0,3220.0,1896
2016-02-18,3222.0,3234.0,3204.0,3210.0,1399
2016-02-19,3208.0,3228.0,3199.0,3222.0,1254
2016-02-22,3231.0,3232.0,3159.0,3177.0,2627
2016-02-23,3180.0,3183.0,3129.0,3138.0,999
2016-02-24,3136.0,3144.0,3112.0,3126.0,2546
2016-02-25,3124.0,3145.0,3116.0,3121.0,1983
2016-02-26,3120.0,3133.0,3078.0,3085.0,2488
2016-02-29,3085.0,3121.0,3073.0,3110.0,2286
2016-03-01,3110.0,3115.0,3095.0,3098.0,1937
2016-03-02,3093.0,3097.0,3076.0,3084.0,733
2016-03-03,3091.0,3095.0,3080.0,3094.0,2980
2016-03-04,3101.0,3107.0,3082.0,3088.0,1998
2016-03-07,3105.0,3118.0,3094.0,3117.0,1202
2016-03-08,3111.0,3115.0,3068.0,3087.0,917
2016-03-09,3093.0,3112.0,3033.0,3041.0,525
2016-03-10,3023.0,3042.0,3015.0,3033.0,1084
2016-03-11,3041.0,3044.0,3035.0,3037.0,571
2016-03-14,3024.0,3032.0,2996.0,2998.0,2686
2016-03-15,2989.0,2998.0,2953.0,2956.0,1419
2016-03-16,2959.0,2989.0,2955.0,2963.0,1952
2016-03-17,2958.0,2971.0,2936.0,2941.0,2453
2016-03-18,2934.0,2936.0,2889.0,2896.0,2892
2016-03-21,2892.0,2932.0,2876.0,2929.0,1467
2016-03-22,2935.0,2939.0,2910.0,2910.0,346
2016-03-23,2902.0,2956.0,2900.0,2950.0,1911
2016-03-24,2950.0,2961.0,2942.0,2952.0,2851
2016-03-25,2949.0,2979.0,2944.0,2965.0,1202
2016-03-28,2972.0,2986.0,2952.0,2960.0,486
2016-03-29,2967.0,2979.0,2869.0,2878.0,2201
2016-03-30,2862.0,2869.0,2836.0,2845.0,1937
2016-03-31,2854.0,2858.0,2820.0,2845.0,628
2016-04-01,2840.0,2866.0,2839.0,2860.0,210
2016-04-04,2862.0,2864.0,2802.0,2805.0,1656
2016-04-05,2797.0,2818.0,2791.0,2806.0,615
2016-04-06,2809.0,2821.0,2762.0,2772.0,718
2016-04-07,2794.0,2801.0,2751.0,2781.0,1065
2016-04-08,2782.0,2791.0,2765.0,2785.0,1512
2016-04-11,2781.0,2813.0,2769.0,2810.0,2490
2016-04-12,2808.0,2850.0,2801.0,2845.0,1405
2016-04-13,2833.0,2863.0,2828.0,2861.0,2541
2016-04-14,2874.0,2895.0,2868.0,2891.0,1892
2016-04-15,2894.0,2914.0,2876.0,2882.0,1299
2016-04-18,2873.0,2976.0,2865.0,2975.0,1626
2016-04-19,2966.0,2972.0,2920.0,2938.0,595
2016-04-20,2939.0,2939.0,2901.0,2926.0,2932
2016-04-21,2934.0,2979.0,2923.0,2958.0,1045
2016-04-22,2948.0,2995.0,2946.0,2983.0,2720
2016-04-25,2993.0,3011.0,2991.0,3003.0,2006
2016-04-26,3002.0,3030.0,2994.0,3028.0,1023
2016-04-27,3020.0,3022.0,2954.0,2963.0,1562
2016-04-28,2958.0,3043.0,2934.0,3020.0,539
2016-04-29,3036.0,3043.0,3010.0,3014.0,1923
2016-05-02,3002.0,3062.0,2996.0,3058.0,381
2016-05-03,3052.0,3078.0,2992.0,2994.0,1989
2016-05-04,3003.0,3005.0,2994.0,3004.0,754
2016-05-05,3006.0,3015.0,2968.0,2990.0,560
2016-05-06,2982.0,3017.0,2966.0,3012.0,821
2016-05-09,3020.0,3042.0,3012.0,3026.0,450
2016-05-10,3035.0,3045.0,3033.0,3040.0,2688
2016-05-11,3043.0,3065.0,2998.0,3008.0,2820
2016-05-12,3003.0,3013.0,2983.0,3010.0,2789
2016-05-13,3006.0,3033.0,3002.0,3007.0,2211
2016-05-16,3009.0,3029.0,2999.0,3026.0,845
2016-05-17,3014.0,3064.0,3005.0,3062.0,2324
2016-05-18,3074.0,3087.0,3062.0,3068.0,2324
2016-05-19,3084.0,3088.0,3028.0,3028.0,862
2016-05-20,3026.0,3045.0,3021.0,3034.0,2540
2016-05-23,3037.0,3134.0,3024.0,3126.0,2991
2016-05-24,3137.0,3208.0,3123.0,3187.0,1257
2016-05-25,3206.0,3231.0,3081.0,3086.0,1847
2016-05-26,3100.0,3108.0,3090.0,3091.0,2640
2016-05-27,3075.0,3129.0,3070.0,3127.0,934
2016-05-30,3124.0,3131.0,3115.0,3123.0,2968
2016-05-31,3128.0,3136.0,3107.0,3109.0,1049
2016-06-01,3105.0,3112.0,3092.0,3104.0,2909
2016-06-02,3120.0,3132.0,3117.0,3126.0,855
2016-06-03,3142.0,3144.0,3080.0,3090.0,2277
2016-06-06,3083.0,3145.0,3070.0,3135.0,1670
2016-06-07,3133.0,3145.0,3131.0,3137.0,1240
2016-06-08,3130.0,3143.0,3108.0,3108.0,1429
2016-06-09,3106.0,3157.0,3097.0,3150.0,835
2016-06-10,3148.0,3155.0,3098.0,3102.0,2081
2016-06-13,3111.0,3137.0,3066.0,3085.0,2980
2016-06-14,3077.0,3084.0,3065.0,3066.0,1840
2016-06-15,3042.0,3157.0,3025.0,3143.0,973
2016-06-16,3128.0,3138.0,3108.0,3122.0,2075
2016-06-17,3112.0,3118.0,3050.0,3051.0,1427
2016-06-20,3045.0,3046.0,3028.0,3035.0,2779
2016-06-21,3037.0,3068.0,3023.0,3051.0,939
2016-06-22,3041.0,3091.0,3028.0,3078.0,1651
2016-06-23,3067.0,3169.0,3058.0,3156.0,1589
2016-06-24,3148.0,3221.0,3125.0,3207.0,2680
2016-06-27,3196.0,3216.0,3179.0,3216.0,509
2016-06-28,3210.0,3219.0,3163.0,3187.0,1929
2016-06-29,3181.0,3254.0,3160.0,3247.0,2465
2016-06-30,3253.0,3259.0,3223.0,3234.0,1212
2016-07-01,3224.0,3235.0,3208.0,3209.0,1614
2016-07-04,3206.0,3217.0,3190.0,3197.0,1024
2016-07-05,3191.0,3196.0,3154.0,3154.0,1374
2016-07-06,3162.0,3165.0,3139.0,3141.0,2860
2016-07-07,3139.0,3158.0,3130.0,3136.0,1216
2016-07-08,3145.0,3167.0,3133.0,3163.0,765
2016-07-11,3152.0,3156.0,3150.0,3152.0,1823
2016-07-12,3152.0,3170.0,3097.0,3111.0,1515
2016-07-13,3105.0,3118.0,3054.0,3059.0,2383
2016-07-14,3048.0,3069.0,3027.0,3067.0,302
2016-07-15,3066.0,3090.0,3061.0,3071.0,2727
2016-07-18,3087.0,3097.0,3047.0,3054.0,2165
2016-07-19,3047.0,3059.0,3030.0,3041.0,2556
2016-07-20,3040.0,3056.0,3039.0,3056.0,1340
2016-07-21,3044.0,3111.0,3042.0,3105.0,1447
2016-07-22,3091.0,3111.0,3079.0,3080.0,1136
2016-07-25,3072.0,3103.0,3046.0,3084.0,2535
2016-07-26,3080.0,3134.0,3055.0,3119.0,399
2016-07-27,3116.0,3119.0,3088.0,3092.0,1680
2016-07-28,3090.0,3099.0,3087.0,3092.0,927
2016-07-29,3077.0,3123.0,3074.0,3091.0,1986
2016-08-01,3085.0,3107.0,3035.0,3046.0,2898
2016-08-02,3051.0,3056.0,3048.0,3053.0,2088
2016-08-03,3040.0,3073.0,3036.0,3056.0,323
2016-08-04,3053.0,3100.0,3044.0,3077.0,1319
2016-08-05,3079.0,3085.0,3030.0,3039.0,287
2016-08-08,3032.0,3044.0,3025.0,3042.0,1560
2016-08-09,3045.0,3103.0,3045.0,3092.0,687
2016-08-10,3078.0,3173.0,3075.0,3165.0,2139
2016-08-11,3174.0,3233.0,3169.0,3214.0,1694
2016-08-12,3217.0,3233.0,3153.0,3174.0,1062
2016-08-15,3174.0,3190.0,3174.0,3190.0,2600
2016-08-16,3201.0,3211.0,3159.0,3174.0,2291
2016-08-17,3171.0,3183.0,3156.0,3183.0,1955
2016-08-18,3177.0,3195.0,3149.0,3157.0,1191
2016-08-19,3170.0,3175.0,3072.0,3099.0,962
2016-08-22,3116.0,3139.0,3087.0,3089.0,1839
2016-08-23,3083.0,3122.0,3075.0,3117.0,2412
2016-08-24,3116.0,3130.0,3085.0,3127.0,2545
2016-08-25,3137.0,3166.0,3134.0,3143.0,2376
2016-08-26,3142.0,3153.0,3134.0,3150.0,264
2016-08-29,3156.0,3173.0,3149.0,3166.0,2957
2016-08-30,3174.0,3210.0,3158.0,3186.0,872
2016-08-31,3180.0,3197.0,3166.0,3175.0,228
2016-09-01,3179.0,3190.0,3179.0,3181.0,1771
2016-09-02,3181.0,3256.0,3173.0,3243.0,1474
2016-09-05,3231.0,3256.0,3230.0,3249.0,497
2016-09-06,3239.0,3263.0,3234.0,3250.0,800
2016-09-07,3244.0,3268.0,3230.0,3254.0,775
2016-09-08,3264.0,3265.0,3246.0,3248.0,1431
2016-09-09,3258.0,3259.0,3230.0,3234.0,2297
2016-09-12,3241.0,3250.0,3225.0,3243.0,2109
2016-09-13,3247.0,3264.0,3224.0,3226.0,272
2016-09-14,3230.0,3235.0,3209.0,3224.0,686
2016-09-15,3226.0,3251.0,3188.0,3196.0,1908
2016-09-16,3200.0,3203.0,3181.0,3200.0,2447
2016-09-19,3204.0,3229.0,3188.0,3223.0,295
2016-09-20,3209.0,3221.0,3200.0,3216.0,1140
2016-09-21,3209.0,3213.0,3119.0,3148.0,524
2016-09-22,3139.0,3190.0,3131.0,3171.0,1559
2016-09-23,3181.0,3196.0,3169.0,3176.0,1292
2016-09-26,3192.0,3197.0,3143.0,3143.0,687
2016-09-27,3123.0,3193.0,3102.0,3174.0,2901
2016-09-28,3188.0,3214.0,3115.0,3129.0,2335
2016-09-29,3129.0,3167.0,3101.0,3166.0,1728
2016-09-30,3176.0,3191.0,3161.0,3166.0,2343
2016-10-03,3170.0,3186.0,3080.0,3089.0,1074
2016-10-04,3103.0,3111.0,3085.0,3096.0,2818
2016-10-05,3098.0,3106.0,3072.0,3083.0,1351
2016-10-06,3071.0,3084.0,3057.0,3065.0,1280
2016-10-07,3064.0,3081.0,3033.0,3042.0,1792
2016-10-10,3047.0,3061.0,3032.0,3038.0,1819
2016-10-11,3036.0,3050.0,3008.0,3021.0,1934
2016-10-12,3027.0,3032.0,2949.0,2959.0,2530
2016-10-13,2958.0,3006.0,2957.0,3000.0,950
2016-10-14,2995.0,2997.0,2983.0,2993.0,2179
2016-10-17,2983.0,2988.0,2957.0,2970.0,752
2016-10-18,2966.0,2987.0,2929.0,2936.0,872
2016-10-19,2938.0,2969.0,2935.0,2964.0,1586
2016-10-20,2946.0,2953.0,2911.0,2922.0,1668
2016-10-21,2915.0,2935.0,2903.0,2927.0,2005
2016-10-24,2910.0,2920.0,2902.0,2910.0,589
2016-10-25,2904.0,2915.0,2881.0,2894.0,2486
2016-10-26,2904.0,2905.0,2848.0,2860.0,1759
2016-10-27,2850.0,2855.0,2838.0,2843.0,1859
2016-10-28,2849.0,2869.0,2844.0,2844.0,2292
2016-10-31,2868.0,2894.0,2848.0,2854.0,2138
2016-11-01,2866.0,2883.0,2823.0,2829.0,1400
2016-11-02,2831.0,2850.0,2826.0,2828.0,1555
2016-11-03,2835.0,2873.0,2830.0,2859.0,852
2016-11-04,2848.0,2856.0,2808.0,2809.0,1786
2016-11-07,2796.0,2818.0,2778.0,2811.0,768
2016-11-08,2811.0,2814.0,2782.0,2783.0,1979
2016-11-09,2786.0,2787.0,2746.0,2753.0,1369
2016-11-10,2762.0,2780.0,2760.0,2762.0,861
2016-11-11,2757.0,2763.0,2736.0,2746.0,1532
2016-11-14,2748.0,2752.0,2706.0,2710.0,2815
2016-11-15,2711.0,2766.0,2707.0,2752.0,1774
2016-11-16,2751.0,2787.0,2738.0,2780.0,1166
2016-11-17,2779.0,2791.0,2719.0,2723.0,1460
2016-11-18,2716.0,2726.0,2660.0,2681.0,1893
2016-11-21,2683.0,2709.0,2680.0,2700.0,629
2016-11-22,2701.0,2703.0,2686.0,2692.0,1770
2016-11-23,2688.0,2743.0,2677.0,2738.0,294
2016-11-24,2743.0,2767.0,2726.0,2757.0,2589
2016-11-25,2765.0,2777.0,2756.0,2768.0,1906
2016-11-28,2773.0,2784.0,2728.0,2736.0,518
2016-11-29,2727.0,2755.0,2723.0,2751.0,1504
2016-11-30,2752.0,2755.0,2702.0,2712.0,2675
2016-12-01,2705.0,2755.0,2695.0,2750.0,2901
2016-12-02,2751.0,2771.0,2744.0,2765.0,583
2016-12-05,2758.0,2770.0,2741.0,2742.0,957
2016-12-06,2753.0,2779.0,2746.0,2767.0,604
2016-12-07,2774.0,2838.0,2770.0,2835.0,1232
2016-12-08,2845.0,2854.0,2801.0,2826.0,2614
2016-12-09,2835.0,2853.0,2821.0,2843.0,2178
2016-12-12,2841.0,2860.0,2816.0,2833.0,919
2016-12-13,2829.0,2854.0,2809.0,2836.0,1110
2016-12-14,2851.0,2874.0,2788.0,2790.0,1913
2016-12-15,2788.0,2794.0,2781.0,2791.0,1871
2016-12-16,2779.0,2802.0,2773.0,2791.0,1498
2016-12-19,2799.0,2857.0,2788.0,2847.0,1379
2016-12-20,2848.0,2855.0,2789.0,2792.0,2815
2016-12-21,2805.0,2824.0,2775.0,2784.0,1609
2016-12-22,2786.0,2838.0,2779.0,2826.0,2389
2016-12-23,2825.0,2827.0,2812.0,2819.0,2887
2016-12-26,2832.0,2842.0,2807.0,2815.0,1137
2016-12-27,2802.0,2821.0,2788.0,2790.0,2380
2016-12-28,2785.0,2792.0,2762.0,2763.0,2477
2016-12-29,2756.0,2776.0,2710.0,2710.0,814
2016-12-30,2693.0,2695.0,2689.0,2692.0,832
2017-01-02,2699.0,2720.0,2656.0,2663.0,652
2017-01-03,2659.0,2692.0,2652.0,2669.0,1923
2017-01-04,2677.0,2709.0,2647.0,2647.0,2332
2017-01-05,2650.0,2671.0,2635.0,2636.0,2304
2017-01-06,2641.0,2666.0,2623.0,2624.0,1285
2017-01-09,2620.0,2628.0,2612.0,2625.0,2168
2017-01-10,2619.0,2621.0,2602.0,2611.0,283
2017-01-11,2611.0,2614.0,2576.0,2582.0,2038
2017-01-12,2589.0,2589.0,2579.0,2587.0,1527
2017-01-13,2586.0,2620.0,2578.0,2618.0,2523
2017-01-16,2613.0,2630.0,2612.0,2622.0,2909
2017-01-17,2613.0,2618.0,2597.0,2606.0,1757
2017-01-18,2607.0,2622.0,2597.0,2604.0,1941
2017-01-19,2599.0,2603.0,2537.0,2545.0,2799
2017-01-20,2545.0,2552.0,2539.0,2544.0,1161
2017-01-23,2542.0,2548.0,2529.0,2533.0,605
2017-01-24,2530.0,2531.0,2502.0,2510.0,1617
2017-01-25,2512.0,2516.0,2473.0,2488.0,1195
2017-01-26,2492.0,2503.0,2461.0,2478.0,1977
2017-01-27,2492.0,2507.0,2470.0,2505.0,2392
2017-01-30,2511.0,2548.0,2501.0,2536.0,1611
2017-01-31,2548.0,2550.0,2504.0,2512.0,1062
2017-02-01,2505.0,2506.0,2493.0,2499.0,1781
2017-02-02,2487.0,2488.0,2483.0,2487.0,1440
2017-02-03,2486.0,2523.0,2485.0,2510.0,719
2017-02-06,2517.0,2520.0,2506.0,2516.0,2364
2017-02-07,2521.0,2530.0,2509.0,2519.0,1130
2017-02-08,2528.0,2546.0,2518.0,2536.0,1707
2017-02-09,2517.0,2536.0,2513.0,2522.0,2744
2017-02-10,2532.0,2579.0,2525.0,2563.0,725
2017-02-13,2566.0,2571.0,2557.0,2566.0,1396
2017-02-14,2554.0,2568.0,2542.0,2544.0,689
2017-02-15,2550.0,2552.0,2541.0,2542.0,1423
2017-02-16,2544.0,2587.0,2533.0,2579.0,1043
2017-02-17,2582.0,2597.0,2544.0,2569.0,2763
2017-02-20,2577.0,2605.0,2566.0,2598.0,1048
2017-02-21,2601.0,2609.0,2579.0,2582.0,1919
2017-02-22,2570.0,2580.0,2556.0,2561.0,582
2017-02-23,2560.0,2592.0,2555.0,2582.0,1476
2017-02-24,2569.0,2580.0,2553.0,2559.0,2537
2017-02-27,2564.0,2593.0,2558.0,2586.0,2081
2017-02-28,2596.0,2605.0,2588.0,2598.0,991
2017-03-01,2589.0,2601.0,2572.0,2576.0,2921
2017-03-02,2571.0,2579.0,2569.0,2578.0,2446
2017-03-03,2571.0,2575.0,2557.0,2566.0,1326
2017-03-06,2563.0,2581.0,2559.0,2579.0,2925
2017-03-07,2582.0,2654.0,2569.0,2636.0,724
2017-03-08,2632.0,2634.0,2624.0,2629.0,1129
2017-03-09,2634.0,2655.0,2623.0,2648.0,2805
2017-03-10,2656.0,2673.0,2629.0,2650.0,2916
2017-03-13,2659.0,2666.0,2654.0,2654.0,2504
2017-03-14,2645.0,2659.0,2640.0,2653.0,735
2017-03-15,2664.0,2666.0,2621.0,2630.0,811
2017-03-16,2642.0,2647.0,2633.0,2644.0,2012
2017-03-17,2656.0,2657.0,2626.0,2637.0,356
2017-03-20,2636.0,2643.0,2611.0,2616.0,2975
2017-03-21,2610.0,2662.0,2604.0,2650.0,2835
2017-03-22,2642.0,2660.0,2639.0,2656.0,2463
2017-03-23,2647.0,2661.0,2643.0,2653.0,2910
2017-03-24,2653.0,2695.0,2644.0,2694.0,843
2017-03-27,2701.0,2719.0,2637.0,2642.0,2667
2017-03-28,2653.0,2698.0,2651.0,2683.0,920
2017-03-29,2679.0,2682.0,2651.0,2660.0,539
2017-03-30,2659.0,2684.0,2647.0,2670.0,934
2017-03-31,2669.0,2671.0,2652.0,2658.0,2369
2017-04-03,2653.0,2664.0,2633.0,2634.0,2840
2017-04-04,2639.0,2677.0,2621.0,2675.0,1913
2017-04-05,2678.0,2736.0,2672.0,2734.0,887
2017-04-06,2735.0,2750.0,2720.0,2733.0,1882
2017-04-07,2736.0,2749.0,2733.0,2746.0,1626
2017-04-10,2751.0,2761.0,2749.0,2752.0,1650
2017-04-11,2757.0,2818.0,2754.0,2810.0,1179
2017-04-12,2803.0,2835.0,2743.0,2747.0,588
2017-04-13,2755.0,2762.0,2752.0,2761.0,1211
2017-04-14,2763.0,2775.0,2734.0,2743.0,2693
2017-04-17,2739.0,2748.0,2673.0,2676.0,1343
2017-04-18,2678.0,2694.0,2661.0,2670.0,258
2017-04-19,2673.0,2734.0,2667.0,2730.0,1166
2017-04-20,2738.0,2759.0,2710.0,2712.0,1490
2017-04-21,2704.0,2756.0,2699.0,2740.0,1879
2017-04-24,2751.0,2793.0,2751.0,2781.0,1996
2017-04-25,2781.0,2795.0,2779.0,2786.0,1391
2017-04-26,2782.0,2797.0,2769.0,2794.0,600
2017-04-27,2789.0,2793.0,2740.0,2745.0,1434
2017-04-28,2737.0,2738.0,2721.0,2728.0,209
2017-05-01,2714.0,2762.0,2707.0,2761.0,1616
2017-05-02,2766.0,2771.0,2757.0,2767.0,1446
2017-05-03,2784.0,2786.0,2770.0,2781.0,1197
2017-05-04,2768.0,2797.0,2756.0,2790.0,2053
2017-05-05,2782.0,2880.0,2766.0,2861.0,2312
2017-05-08,2868.0,2870.0,2849.0,2852.0,938
2017-05-09,2852.0,2910.0,2838.0,2906.0,1609
2017-05-10,2913.0,2921.0,2894.0,2914.0,1627
2017-05-11,2914.0,2990.0,2901.0,2973.0,1625
2017-05-12,2967.0,2976.0,2928.0,2935.0,1329
2017-05-15,2933.0,2968.0,2916.0,2946.0,787
2017-05-16,2925.0,2960.0,2913.0,2938.0,680
2017-05-17,2927.0,2955.0,2910.0,2945.0,286
2017-05-18,2954.0,2994.0,2933.0,2991.0,346
2017-05-19,3001.0,3007.0,2988.0,3007.0,2465
2017-05-22,3020.0,3058.0,2999.0,3052.0,395
2017-05-23,3056.0,3058.0,3030.0,3033.0,2595
2017-05-24,3013.0,3030.0,2996.0,3009.0,2710
2017-05-25,3003.0,3023.0,2983.0,3014.0,875
2017-05-26,3026.0,3027.0,3016.0,3016.0,1440
2017-05-29,3031.0,3045.0,3013.0,3013.0,1208
2017-05-30,3026.0,3046.0,2965.0,2987.0,1302
2017-05-31,2985.0,3031.0,2976.0,3030.0,1202
2017-06-01,3018.0,3021.0,3017.0,3019.0,1158
2017-06-02,3019.0,3080.0,3015.0,3073.0,2115
2017-06-05,3073.0,3101.0,3069.0,3080.0,1355
2017-06-06,3094.0,3108.0,3080.0,3105.0,724
2017-06-07,3107.0,3131.0,3081.0,3126.0,1260
2017-06-08,3126.0,3132.0,3097.0,3100.0,2940
2017-06-09,3101.0,3132.0,3085.0,3117.0,2965
2017-06-12,3120.0,3197.0,3118.0,3187.0,373
2017-06-13,3193.0,3199.0,3191.0,3198.0,1812
2017-06-14,3192.0,3244.0,3191.0,3235.0,2926
2017-06-15,3225.0,3266.0,3217.0,3264.0,742
2017-06-16,3277.0,3279.0,3248.0,3277.0,392
2017-06-19,3261.0,3298.0,3238.0,3288.0,793
2017-06-20,3304.0,3314.0,3297.0,3313.0,1089
2017-06-21,3294.0,3350.0,3274.0,3345.0,2817
2017-06-22,3339.0,3352.0,3292.0,3299.0,901
2017-06-23,3308.0,3321.0,3298.0,3311.0,1129
2017-06-26,3311.0,3327.0,3300.0,3309.0,926
2017-06-27,3295.0,3326.0,3279.0,3296.0,1296
2017-06-28,3300.0,3356.0,3275.0,3347.0,2985
2017-06-29,3347.0,3353.0,3318.0,3323.0,434
2017-06-30,3320.0,3327.0,3255.0,3277.0,1483
2017-07-03,3271.0,3317.0,3262.0,3311.0,1918
2017-07-04,3310.0,3319.0,3236.0,3265.0,534
2017-07-05,3259.0,3278.0,3180.0,3198.0,324
2017-07-06,3222.0,3256.0,3215.0,3234.0,2950
2017-07-07,3232.0,3263.0,3200.0,3244.0,953
2017-07-10,3240.0,3287.0,3222.0,3263.0,879
2017-07-11,3257.0,3265.0,3239.0,3250.0,1176
2017-07-12,3268.0,3275.0,3205.0,3206.0,403
2017-07-13,3190.0,3193.0,3162.0,3167.0,611
2017-07-14,3170.0,3171.0,3149.0,3159.0,267
2017-07-17,3157.0,3165.0,3093.0,3118.0,1697
2017-07-18,3105.0,3139.0,3096.0,3131.0,1497
2017-07-19,3123.0,3132.0,3114.0,3118.0,967
2017-07-20,3121.0,3135.0,3102.0,3127.0,2771
2017-07-21,3119.0,3145.0,3118.0,3133.0,1054
2017-07-24,3136.0,3158.0,3129.0,3148.0,247
2017-07-25,3164.0,3182.0,3162.0,3169.0,479
2017-07-26,3170.0,3181.0,3158.0,3159.0,2230
2017-07-27,3145.0,3189.0,3145.0,3165.0,1693
2017-07-28,3157.0,3178.0,3148.0,3177.0,929
2017-07-31,3175.0,3194.0,3096.0,3097.0,892
2017-08-01,3093.0,3133.0,3084.0,3121.0,813
2017-08-02,3122.0,3128.0,3110.0,3127.0,1381
2017-08-03,3130.0,3159.0,3120.0,3151.0,2170
2017-08-04,3167.0,3184.0,3101.0,3109.0,1986
2017-08-07,3109.0,3130.0,3096.0,3104.0,2294
2017-08-08,3093.0,3094.0,3064.0,3070.0,315
2017-08-09,3080.0,3112.0,3072.0,3098.0,1765
2017-08-10,3110.0,3130.0,3047.0,3053.0,2340
2017-08-11,3055.0,3055.0,3017.0,3025.0,766
2017-08-14,3023.0,3047.0,3006.0,3046.0,1831
2017-08-15,3051.0,3060.0,3007.0,3028.0,217
2017-08-16,3027.0,3037.0,2980.0,2999.0,2747
2017-08-17,2981.0,3033.0,2967.0,3031.0,2264
2017-08-18,3036.0,3091.0,3034.0,3065.0,1944
2017-08-21,3073.0,3099.0,3070.0,3092.0,1878
2017-08-22,3106.0,3136.0,3101.0,3125.0,2075
2017-08-23,3118.0,3125.0,3110.0,3119.0,1383
2017-08-24,3121.0,3123.0,3111.0,3113.0,2907
2017-08-25,3115.0,3118.0,3075.0,3093.0,798
2017-08-28,3094.0,3122.0,3073.0,3101.0,2469
2017-08-29,3102.0,3109.0,3057.0,3086.0,2333
2017-08-30,3086.0,3095.0,3069.0,3070.0,2545
2017-08-31,3072.0,3111.0,3070.0,3092.0,398
2017-09-01,3098.0,3137.0,3098.0,3133.0,1446
2017-09-04,3145.0,3160.0,3135.0,3146.0,1999
2017-09-05,3139.0,3232.0,3135.0,3210.0,1932
2017-09-06,3208.0,3210.0,3184.0,3185.0,2127
2017-09-07,3181.0,3193.0,3120.0,3123.0,1975
2017-09-08,3118.0,3160.0,3108.0,3151.0,825
2017-09-11,3135.0,3140.0,3119.0,3125.0,2518
2017-09-12,3125.0,3139.0,3114.0,3116.0,1553
2017-09-13,3121.0,3121.0,3053.0,3057.0,2917
2017-09-14,3056.0,3064.0,3021.0,3030.0,1656
2017-09-15,3030.0,3041.0,2979.0,2981.0,1705
2017-09-18,2985.0,2988.0,2965.0,2967.0,1855
2017-09-19,2980.0,3007.0,2939.0,2957.0,2639
2017-09-20,2953.0,2975.0,2942.0,2961.0,2723
2017-09-21,2951.0,3013.0,2929.0,3004.0,1837
2017-09-22,3003.0,3032.0,2996.0,3028.0,1729
2017-09-25,3045.0,3058.0,2969.0,2976.0,352
2017-09-26,2966.0,3003.0,2953.0,2997.0,388
2017-09-27,3003.0,3013.0,2991.0,3002.0,2262
2017-09-28,3012.0,3021.0,2998.0,3000.0,1165
2017-09-29,2979.0,3001.0,2964.0,2999.0,1422
2017-10-02,3003.0,3010.0,2980.0,3006.0,1959
2017-10-03,3011.0,3013.0,2966.0,2985.0,821
2017-10-04,2983.0,3013.0,2979.0,2980.0,1132
2017-10-05,2974.0,3028.0,2951.0,3019.0,320
2017-10-06,3013.0,3016.0,2993.0,2996.0,2350
2017-10-09,2993.0,3003.0,2957.0,2965.0,1623
2017-10-10,2962.0,2973.0,2951.0,2961.0,731
2017-10-11,2957.0,2976.0,2924.0,2924.0,1869
2017-10-12,2921.0,2928.0,2854.0,2869.0,600
2017-10-13,2879.0,2888.0,2856.0,2861.0,2385
2017-10-16,2850.0,2912.0,2832.0,2908.0,846
2017-10-17,2893.0,2911.0,2890.0,2908.0,956
2017-10-18,2919.0,2930.0,2911.0,2914.0,2653
2017-10-19,2912.0,2922.0,2826.0,2846.0,2280
2017-10-20,2843.0,2862.0,2831.0,2861.0,2106
2017-10-23,2860.0,2883.0,2852.0,2865.0,1885
2017-10-24,2867.0,2871.0,2828.0,2846.0,1656
2017-10-25,2841.0,2855.0,2833.0,2852.0,737
2017-10-26,2856.0,2868.0,2852.0,2859.0,1040
2017-10-27,2850.0,2863.0,2821.0,2826.0,2895
2017-10-30,2824.0,2841.0,2801.0,2838.0,2772
2017-10-31,2820.0,2893.0,2813.0,2878.0,2233
2017-11-01,2888.0,2891.0,2865.0,2869.0,2688
2017-11-02,2868.0,2885.0,2839.0,2841.0,2451
2017-11-03,2846.0,2850.0,2831.0,2837.0,1318
2017-11-06,2841.0,2882.0,2841.0,2866.0,2203
2017-11-07,2871.0,2878.0,2823.0,2827.0,2307
2017-11-08,2827.0,2862.0,2827.0,2844.0,587
2017-11-09,2847.0,2862.0,2814.0,2824.0,2757
2017-11-10,2816.0,2841.0,2812.0,2833.0,1580
2017-11-13,2823.0,2840.0,2813.0,2818.0,1077
2017-11-14,2817.0,2821.0,2783.0,2802.0,1527
2017-11-15,2796.0,2850.0,2787.0,2850.0,1120
2017-11-16,2862.0,2868.0,2786.0,2805.0,1131
2017-11-17,2809.0,2824.0,2801.0,2821.0,1728
2017-11-20,2815.0,2886.0,2797.0,2875.0,2993
2017-11-21,2873.0,2906.0,2872.0,2897.0,1343
2017-11-22,2898.0,2906.0,2854.0,2857.0,801
2017-11-23,2856.0,2861.0,2803.0,2819.0,2332
2017-11-24,2822.0,2827.0,2785.0,2798.0,1025
2017-11-27,2798.0,2810.0,2798.0,2802.0,1703
2017-11-28,2791.0,2817.0,2786.0,2811.0,909
2017-11-29,2793.0,2822.0,2772.0,2773.0,793
2017-11-30,2770.0,2773.0,2746.0,2748.0,905
2017-12-01,2752.0,2772.0,2722.0,2726.0,1197
2017-12-04,2723.0,2727.0,2710.0,2722.0,2875
2017-12-05,2732.0,2785.0,2715.0,2784.0,2079
2017-12-06,2783.0,2787.0,2756.0,2757.0,2147
2017-12-07,2768.0,2773.0,2719.0,2728.0,349
2017-12-08,2737.0,2745.0,2676.0,2693.0,230
2017-12-11,2701.0,2721.0,2690.0,2712.0,1158
2017-12-12,2702.0,2719.0,2683.0,2711.0,2685
2017-12-13,2711.0,2711.0,2669.0,2683.0,245
2017-12-14,2693.0,2710.0,2659.0,2675.0,2345
2017-12-15,2677.0,2682.0,2646.0,2654.0,2498
2017-12-18,2658.0,2678.0,2636.0,2664.0,978
2017-12-19,2653.0,2761.0,2642.0,2744.0,528
2017-12-20,2760.0,2766.0,2757.0,2763.0,629
2017-12-21,2756.0,2766.0,2749.0,2760.0,416
2017-12-22,2743.0,2766.0,2737.0,2740.0,2562
2017-12-25,2737.0,2743.0,2693.0,2699.0,2402
2017-12-26,2680.0,2728.0,2678.0,2722.0,2083
2017-12-27,2714.0,2755.0,2700.0,2744.0,450
2017-12-28,2765.0,2765.0,2720.0,2729.0,2860
2017-12-29,2726.0,2770.0,2721.0,2767.0,2115
2018-01-01,2755.0,2778.0,2752.0,2768.0,2518
2018-01-02,2769.0,2806.0,2761.0,2795.0,1263
2018-01-03,2788.0,2810.0,2787.0,2807.0,753
2018-01-04,2814.0,2823.0,2788.0,2802.0,2500
2018-01-05,2795.0,2799.0,2773.0,2775.0,343
2018-01-08,2777.0,2780.0,2757.0,2772.0,711
2018-01-09,2762.0,2801.0,2742.0,2799.0,630
2018-01-10,2821.0,2837.0,2778.0,2784.0,436
2018-01-11,2788.0,2800.0,2783.0,2798.0,1743
2018-01-12,2797.0,2797.0,2757.0,2766.0,839
2018-01-15,2764.0,2795.0,2751.0,2790.0,2905
2018-01-16,2786.0,2808.0,2776.0,2802.0,2809
2018-01-17,2796.0,2799.0,2746.0,2768.0,671
2018-01-18,2761.0,2770.0,2753.0,2761.0,2521
2018-01-19,2775.0,2799.0,2768.0,2791.0,309
2018-01-22,2786.0,2788.0,2748.0,2756.0,1000
2018-01-23,2738.0,2740.0,2717.0,2726.0,2047
2018-01-24,2717.0,2731.0,2700.0,2727.0,777
2018-01-25,2735.0,2814.0,2731.0,2795.0,418
2018-01-26,2792.0,2803.0,2773.0,2775.0,639
2018-01-29,2774.0,2807.0,2765.0,2792.0,2044
2018-01-30,2801.0,2803.0,2798.0,2802.0,819
2018-01-31,2796.0,2806.0,2775.0,2787.0,888
2018-02-01,2792.0,2801.0,2789.0,2795.0,774
2018-02-02,2789.0,2803.0,2782.0,2785.0,2669
2018-02-05,2790.0,2794.0,2766.0,2776.0,2686
2018-02-06,2773.0,2785.0,2710.0,2727.0,2453
2018-02-07,2725.0,2737.0,2718.0,2728.0,255
2018-02-08,2735.0,2764.0,2730.0,2758.0,901
2018-02-09,2765.0,2766.0,2756.0,2763.0,2664
2018-02-12,2761.0,2802.0,2753.0,2798.0,1751
2018-02-13,2794.0,2842.0,2792.0,2819.0,315
2018-02-14,2833.0,2838.0,2804.0,2819.0,897
2018-02-15,2824.0,2833.0,2790.0,2801.0,2515
2018-02-16,2798.0,2801.0,2788.0,2788.0,2661
2018-02-19,2783.0,2790.0,2742.0,2745.0,1392
2018-02-20,2753.0,2757.0,2721.0,2738.0,624
2018-02-21,2739.0,2759.0,2728.0,2745.0,416
2018-02-22,2743.0,2804.0,2739.0,2798.0,830
2018-02-23,2799.0,2822.0,2788.0,2815.0,2437
2018-02-26,2818.0,2829.0,2782.0,2791.0,2514
2018-02-27,2791.0,2793.0,2746.0,2748.0,918
2018-02-28,2758.0,2761.0,2739.0,2741.0,2936
2018-03-01,2752.0,2786.0,2749.0,2766.0,2658
2018-03-02,2770.0,2777.0,2758.0,2761.0,2965
2018-03-05,2773.0,2782.0,2758.0,2780.0,2306
2018-03-06,2780.0,2788.0,2770.0,2777.0,1804
2018-03-07,2783.0,2818.0,2767.0,2803.0,2948
2018-03-08,2811.0,2813.0,2737.0,2753.0,2128
2018-03-09,2762.0,2805.0,2753.0,2805.0,2529
2018-03-12,2813.0,2820.0,2762.0,2775.0,1327
2018-03-13,2780.0,2810.0,2760.0,2800.0,874
2018-03-14,2817.0,2823.0,2783.0,2794.0,1805
2018-03-15,2789.0,2802.0,2786.0,2792.0,1345
2018-03-16,2790.0,2795.0,2759.0,2786.0,1183
2018-03-19,2784.0,2802.0,2781.0,2796.0,2150
2018-03-20,2793.0,2822.0,2784.0,2814.0,1909
2018-03-21,2797.0,2872.0,2793.0,2851.0,1084
2018-03-22,2863.0,2912.0,2859.0,2897.0,876
2018-03-23,2888.0,2916.0,2888.0,2912.0,1730
2018-03-26,2914.0,2986.0,2900.0,2970.0,1116
2018-03-27,2957.0,2978.0,2926.0,2977.0,865
2018-03-28,2983.0,3021.0,2967.0,3015.0,821
2018-03-29,3007.0,3033.0,3000.0,3031.0,2056
2018-03-30,3021.0,3025.0,2993.0,3015.0,1362
2018-04-02,3017.0,3039.0,3012.0,3027.0,1157
2018-04-03,3021.0,3048.0,3016.0,3047.0,522
2018-04-04,3042.0,3064.0,3033.0,3047.0,354
2018-04-05,3049.0,3080.0,3035.0,3064.0,2145
2018-04-06,3072.0,3106.0,3060.0,3095.0,2909
2018-04-09,3087.0,3106.0,3077.0,3095.0,1109
2018-04-10,3086.0,3087.0,2996.0,3000.0,2562
2018-04-11,3000.0,3059.0,2990.0,3058.0,1884
2018-04-12,3063.0,3075.0,3024.0,3050.0,1050
2018-04-13,3063.0,3073.0,3023.0,3024.0,1786
2018-04-16,3015.0,3021.0,2978.0,2990.0,562
2018-04-17,2987.0,2994.0,2970.0,2981.0,1145
2018-04-18,2992.0,2996.0,2954.0,2962.0,2258
2018-04-19,2980.0,2996.0,2929.0,2941.0,2583
2018-04-20,2932.0,2952.0,2888.0,2920.0,817
2018-04-23,2914.0,2952.0,2895.0,2938.0,2750
2018-04-24,2941.0,3023.0,2937.0,3006.0,1895
2018-04-25,3001.0,3053.0,2985.0,3035.0,841
2018-04-26,3029.0,3082.0,3014.0,3074.0,2381
2018-04-27,3077.0,3081.0,3043.0,3065.0,2666
2018-04-30,3079.0,3099.0,3047.0,3069.0,962
2018-05-01,3057.0,3088.0,3045.0,3085.0,496
2018-05-02,3098.0,3109.0,3060.0,3064.0,996
2018-05-03,3058.0,3061.0,3045.0,3051.0,2318
2018-05-04,3054.0,3083.0,3045.0,3082.0,372
2018-05-07,3097.0,3139.0,3084.0,3120.0,1009
2018-05-08,3123.0,3129.0,3120.0,3125.0,1095
2018-05-09,3122.0,3124.0,3073.0,3085.0,246
2018-05-10,3092.0,3104.0,3067.0,3076.0,1872
2018-05-11,3074.0,3082.0,3019.0,3028.0,2456
2018-05-14,3033.0,3045.0,3011.0,3034.0,636
2018-05-15,3032.0,3052.0,3015.0,3045.0,2682
2018-05-16,3053.0,3062.0,3009.0,3039.0,2868
2018-05-17,3027.0,3052.0,3014.0,3051.0,2637
2018-05-18,3041.0,3082.0,3034.0,3068.0,2222
2018-05-21,3055.0,3106.0,3047.0,3081.0,1454
2018-05-22,3080.0,3094.0,3036.0,3042.0,770
2018-05-23,3028.0,3045.0,3028.0,3036.0,2756
2018-05-24,3030.0,3068.0,3024.0,3052.0,1685
2018-05-25,3042.0,3121.0,3041.0,3109.0,1465
2018-05-28,3123.0,3130.0,3096.0,3104.0,1296
2018-05-29,3095.0,3133.0,3068.0,3126.0,811
2018-05-30,3114.0,3159.0,3097.0,3157.0,1270
2018-05-31,3159.0,3164.0,3112.0,3152.0,2435
2018-06-01,3168.0,3197.0,3162.0,3194.0,1767
2018-06-04,3193.0,3251.0,3187.0,3240.0,1307
2018-06-05,3240.0,3318.0,3235.0,3293.0,502
2018-06-06,3305.0,3326.0,3293.0,3313.0,1361
2018-06-07,3322.0,3412.0,3310.0,3403.0,802
2018-06-08,3408.0,3415.0,3366.0,3385.0,1313
2018-06-11,3379.0,3482.0,3373.0,3467.0,619
2018-06-12,3472.0,3507.0,3463.0,3499.0,2853
2018-06-13,3485.0,3573.0,3480.0,3555.0,687
2018-06-14,3548.0,3549.0,3536.0,3543.0,547
2018-06-15,3558.0,3594.0,3545.0,3580.0,2034
2018-06-18,3594.0,3652.0,3593.0,3639.0,1162
2018-06-19,3644.0,3669.0,3593.0,3598.0,2989
2018-06-20,3577.0,3609.0,3570.0,3596.0,1331
2018-06-21,3583.0,3584.0,3506.0,3514.0,2023
2018-06-22,3507.0,3528.0,3495.0,3513.0,2535
2018-06-25,3511.0,3513.0,3460.0,3484.0,2957
2018-06-26,3471.0,3501.0,3468.0,3476.0,2466
2018-06-27,3474.0,3599.0,3459.0,3593.0,1815
2018-06-28,3612.0,3677.0,3604.0,3662.0,2480
2018-06-29,3667.0,3686.0,3596.0,3607.0,993
2018-07-02,3609.0,3657.0,3605.0,3632.0,2636
2018-07-03,3621.0,3684.0,3610.0,3667.0,2642
2018-07-04,3649.0,3667.0,3640.0,3655.0,1274
2018-07-05,3642.0,3671.0,3640.0,3666.0,388
2018-07-06,3647.0,3689.0,3627.0,3681.0,2117
2018-07-09,3682.0,3684.0,3605.0,3631.0,486
2018-07-10,3635.0,3639.0,3578.0,3593.0,248
2018-07-11,3582.0,3609.0,3579.0,3603.0,2853
2018-07-12,3605.0,3609.0,3579.0,3607.0,1789
2018-07-13,3623.0,3634.0,3578.0,3581.0,2020
2018-07-16,3602.0,3614.0,3544.0,3551.0,2665
2018-07-17,3559.0,3561.0,3540.0,3550.0,2801
2018-07-18,3548.0,3588.0,3538.0,3586.0,2878
2018-07-19,3594.0,3600.0,3584.0,3585.0,572
2018-07-20,3599.0,3670.0,3592.0,3654.0,1106
2018-07-23,3632.0,3637.0,3607.0,3627.0,2351
2018-07-24,3643.0,3655.0,3631.0,3637.0,280
2018-07-25,3632.0,3663.0,3622.0,3625.0,857
2018-07-26,3619.0,3662.0,3610.0,3650.0,1641
2018-07-27,3647.0,3666.0,3621.0,3621.0,1161
2018-07-30,3625.0,3712.0,3621.0,3702.0,683
2018-07-31,3689.0,3693.0,3619.0,3637.0,2717
2018-08-01,3634.0,3711.0,3620.0,3710.0,1454
2018-08-02,3716.0,3744.0,3715.0,3716.0,1351
2018-08-03,3718.0,3748.0,3711.0,3741.0,2040
2018-08-06,3745.0,3826.0,3742.0,3796.0,2077
2018-08-07,3793.0,3845.0,3780.0,3834.0,1579
2018-08-08,3842.0,3859.0,3802.0,3806.0,2684
2018-08-09,3818.0,3839.0,3795.0,3834.0,1028
2018-08-10,3845.0,3932.0,3837.0,3915.0,2638
2018-08-13,3920.0,3927.0,3877.0,3879.0,2631
2018-08-14,3890.0,3973.0,3874.0,3972.0,224
2018-08-15,3983.0,4002.0,3972.0,3992.0,2313
2018-08-16,4024.0,4040.0,3974.0,3974.0,643
2018-08-17,3988.0,3995.0,3931.0,3935.0,1559
2018-08-20,3934.0,3950.0,3918.0,3927.0,2772
2018-08-21,3916.0,3940.0,3834.0,3840.0,747
2018-08-22,3837.0,3854.0,3818.0,3823.0,1774
2018-08-23,3820.0,3823.0,3800.0,3808.0,2377
2018-08-24,3814.0,3829.0,3731.0,3762.0,1544
2018-08-27,3754.0,3798.0,3746.0,3794.0,418
2018-08-28,3808.0,3817.0,3767.0,3787.0,382
2018-08-29,3771.0,3780.0,3735.0,3759.0,1650
2018-08-30,3741.0,3756.0,3736.0,3746.0,270
2018-08-31,3744.0,3783.0,3730.0,3763.0,243
2018-09-03,3753.0,3774.0,3745.0,3765.0,2869
2018-09-04,3751.0,3761.0,3718.0,3740.0,1692
2018-09-05,3733.0,3759.0,3733.0,3745.0,1526
2018-09-06,3737.0,3750.0,3720.0,3744.0,481
2018-09-07,3744.0,3762.0,3689.0,3700.0,2401
2018-09-10,3693.0,3719.0,3678.0,3689.0,1629
2018-09-11,3683.0,3719.0,3682.0,3712.0,816
2018-09-12,3711.0,3757.0,3704.0,3735.0,2308
2018-09-13,3747.0,3750.0,3723.0,3726.0,863
2018-09-14,3742.0,3767.0,3738.0,3752.0,1608
2018-09-17,3754.0,3764.0,3703.0,3712.0,1768
2018-09-18,3714.0,3744.0,3651.0,3672.0,981
2018-09-19,3670.0,3684.0,3659.0,3664.0,2652
2018-09-20,3669.0,3743.0,3661.0,3725.0,2169
2018-09-21,3729.0,3758.0,3722.0,3731.0,1008
2018-09-24,3746.0,3759.0,3714.0,3720.0,638
2018-09-25,3699.0,3815.0,3691.0,3784.0,1120
2018-09-26,3781.0,3785.0,3742.0,3773.0,1503
2018-09-27,3776.0,3878.0,3773.0,3865.0,1741
2018-09-28,3865.0,3888.0,3825.0,3842.0,1320
2018-10-01,3831.0,3834.0,3793.0,3800.0,312
2018-10-02,3786.0,3793.0,3773.0,3793.0,2093
2018-10-03,3802.0,3806.0,3748.0,3780.0,1260
2018-10-04,3772.0,3780.0,3736.0,3747.0,1139
2018-10-05,3728.0,3870.0,3722.0,3857.0,1757
2018-10-08,3867.0,3875.0,3845.0,3868.0,2538
2018-10-09,3873.0,3895.0,3861.0,3888.0,213
2018-10-10,3887.0,3887.0,3853.0,3869.0,2890
2018-10-11,3859.0,3883.0,3842.0,3845.0,1986
2018-10-12,3844.0,3903.0,3832.0,3889.0,1731
2018-10-15,3904.0,3924.0,3781.0,3816.0,342
2018-10-16,3798.0,3807.0,3756.0,3769.0,2191
2018-10-17,3751.0,3769.0,3721.0,3758.0,2215
2018-10-18,3751.0,3831.0,3724.0,3814.0,1769
2018-10-19,3813.0,3823.0,3796.0,3799.0,2444
2018-10-22,3793.0,3851.0,3777.0,3818.0,2548
2018-10-23,3826.0,3827.0,3809.0,3822.0,2548
2018-10-24,3834.0,3897.0,3832.0,3878.0,1114
2018-10-25,3882.0,3894.0,3804.0,3811.0,2085
2018-10-26,3817.0,3854.0,3813.0,3842.0,360
2018-10-29,3845.0,3875.0,3833.0,3834.0,1772
2018-10-30,3834.0,3881.0,3819.0,3873.0,608
2018-10-31,3858.0,3872.0,3822.0,3838.0,1061
2018-11-01,3826.0,3845.0,3819.0,3840.0,2094
2018-11-02,3824.0,3847.0,3810.0,3835.0,1388
2018-11-05,3833.0,3844.0,3754.0,3791.0,2617
2018-11-06,3794.0,3797.0,3732.0,3738.0,443
2018-11-07,3721.0,3760.0,3698.0,3715.0,2921
2018-11-08,3715.0,3726.0,3709.0,3720.0,2179
2018-11-09,3710.0,3714.0,3684.0,3689.0,1405
2018-11-12,3678.0,3698.0,3673.0,3676.0,269
2018-11-13,3670.0,3675.0,3588.0,3600.0,316
2018-11-14,3588.0,3599.0,3580.0,3586.0,1357
2018-11-15,3592.0,3636.0,3590.0,3626.0,1802
2018-11-16,3624.0,3664.0,3600.0,3652.0,1617
2018-11-19,3661.0,3661.0,3639.0,3650.0,1032
2018-11-20,3645.0,3664.0,3639.0,3659.0,2020
2018-11-21,3654.0,3674.0,3617.0,3623.0,1919
2018-11-22,3643.0,3688.0,3632.0,3686.0,1160
2018-11-23,3668.0,3787.0,3665.0,3768.0,1111
2018-11-26,3783.0,3796.0,3758.0,3775.0,1439
2018-11-27,3793.0,3898.0,3780.0,3883.0,2281
2018-11-28,3891.0,3894.0,3833.0,3852.0,1844
2018-11-29,3848.0,3852.0,3782.0,3800.0,555
2018-11-30,3816.0,3832.0,3746.0,3770.0,2784
2018-12-03,3766.0,3780.0,3729.0,3760.0,766
2018-12-04,3752.0,3892.0,3726.0,3857.0,2081
2018-12-05,3853.0,3866.0,3840.0,3845.0,246
2018-12-06,3839.0,3842.0,3802.0,3805.0,912
2018-12-07,3795.0,3798.0,3739.0,3767.0,1781
2018-12-10,3779.0,3835.0,3779.0,3811.0,2572
2018-12-11,3802.0,3868.0,3794.0,3852.0,1775
2018-12-12,3852.0,3854.0,3830.0,3831.0,354
2018-12-13,3815.0,3820.0,3725.0,3753.0,2875
2018-12-14,3754.0,3760.0,3704.0,3708.0,962
2018-12-17,3695.0,3798.0,3686.0,3779.0,1220
2018-12-18,3765.0,3810.0,3750.0,3806.0,502
2018-12-19,3804.0,3822.0,3802.0,3808.0,2149
2018-12-20,3820.0,3903.0,3814.0,3886.0,1451
2018-12-21,3891.0,3980.0,3873.0,3969.0,814
2018-12-24,3975.0,3983.0,3940.0,3967.0,1983
2018-12-25,3966.0,3993.0,3958.0,3964.0,748
2018-12-26,3960.0,3960.0,3936.0,3939.0,1686
2018-12-27,3948.0,3963.0,3923.0,3926.0,2058
2018-12-28,3919.0,3940.0,3850.0,3860.0,2471
2018-12-31,3870.0,3887.0,3789.0,3798.0,2145
2019-01-01,3812.0,3826.0,3705.0,3726.0,1788
2019-01-02,3716.0,3770.0,3682.0,3770.0,295
2019-01-03,3762.0,3766.0,3697.0,3703.0,851
2019-01-04,3697.0,3795.0,3690.0,3781.0,1817
2019-01-07,3765.0,3790.0,3746.0,3749.0,1701
2019-01-08,3744.0,3855.0,3710.0,3821.0,1694
2019-01-09,3836.0,3837.0,3802.0,3803.0,2259
2019-01-10,3791.0,3830.0,3727.0,3738.0,2733
2019-01-11,3753.0,3790.0,3728.0,3788.0,1608
2019-01-14,3783.0,3854.0,3777.0,3845.0,576
2019-01-15,3869.0,3889.0,3793.0,3805.0,1437
2019-01-16,3797.0,3806.0,3761.0,3792.0,907
2019-01-17,3790.0,3793.0,3742.0,3751.0,1681
2019-01-18,3740.0,3756.0,3730.0,3746.0,1851
2019-01-21,3738.0,3766.0,3735.0,3749.0,1734
2019-01-22,3764.0,3778.0,3724.0,3733.0,1828
2019-01-23,3738.0,3742.0,3652.0,3658.0,1069
2019-01-24,3669.0,3678.0,3617.0,3633.0,695
2019-01-25,3619.0,3661.0,3604.0,3659.0,2591
2019-01-28,3666.0,3668.0,3627.0,3651.0,1324
2019-01-29,3640.0,3651.0,3615.0,3635.0,781
2019-01-30,3621.0,3626.0,3568.0,3598.0,2987
2019-01-31,3600.0,3603.0,3557.0,3571.0,291
2019-02-01,3573.0,3633.0,3555.0,3624.0,1169
2019-02-04,3625.0,3638.0,3553.0,3576.0,2276
2019-02-05,3583.0,3606.0,3580.0,3603.0,1350
2019-02-06,3613.0,3626.0,3589.0,3606.0,2558
2019-02-07,3622.0,3633.0,3609.0,3614.0,1204
2019-02-08,3601.0,3609.0,3582.0,3583.0,1999
2019-02-11,3599.0,3610.0,3565.0,3566.0,1397
2019-02-12,3586.0,3589.0,3548.0,3564.0,1513
2019-02-13,3560.0,3571.0,3514.0,3540.0,1594
2019-02-14,3523.0,3574.0,3516.0,3551.0,2930
2019-02-15,3536.0,3576.0,3520.0,3568.0,2327
2019-02-18,3563.0,3655.0,3557.0,3655.0,1238
2019-02-19,3677.0,3684.0,3644.0,3668.0,1366
2019-02-20,3668.0,3670.0,3584.0,3589.0,1336
2019-02-21,3583.0,3649.0,3571.0,3636.0,2261
2019-02-22,3629.0,3643.0,3614.0,3627.0,1855
2019-02-25,3612.0,3712.0,3612.0,3706.0,1696
2019-02-26,3716.0,3790.0,3699.0,3766.0,1405
2019-02-27,3764.0,3794.0,3743.0,3743.0,1315
2019-02-28,3766.0,3778.0,3765.0,3771.0,1754
2019-03-01,3778.0,3794.0,3735.0,3745.0,2527
2019-03-04,3754.0,3757.0,3715.0,3741.0,2906
2019-03-05,3739.0,3772.0,3733.0,3765.0,370
2019-03-06,3753.0,3820.0,3723.0,3810.0,864
2019-03-07,3800.0,3850.0,3797.0,3846.0,2118
2019-03-08,3830.0,3866.0,3825.0,3846.0,615
2019-03-11,3856.0,3960.0,3853.0,3950.0,1909
2019-03-12,3946.0,3946.0,3931.0,3934.0,1385
2019-03-13,3945.0,3957.0,3840.0,3863.0,734
2019-03-14,3865.0,3902.0,3799.0,3801.0,1611
2019-03-15,3798.0,3875.0,3796.0,3864.0,1625
2019-03-18,3850.0,3877.0,3838.0,3861.0,2196
2019-03-19,3865.0,3868.0,3838.0,3867.0,2512
2019-03-20,3864.0,3867.0,3838.0,3843.0,2874
2019-03-21,3854.0,3862.0,3820.0,3824.0,1429
2019-03-22,3816.0,3823.0,3775.0,3791.0,2128
2019-03-25,3798.0,3844.0,3797.0,3809.0,2404
2019-03-26,3828.0,3837.0,3803.0,3805.0,2964
2019-03-27,3808.0,3830.0,3798.0,3822.0,2020
2019-03-28,3831.0,3836.0,3819.0,3834.0,889
2019-03-29,3840.0,3863.0,3810.0,3816.0,1157
2019-04-01,3838.0,3857.0,3748.0,3752.0,784
2019-04-02,3756.0,3760.0,3678.0,3687.0,753
2019-04-03,3695.0,3825.0,3682.0,3813.0,1058
2019-04-04,3812.0,3878.0,3810.0,3875.0,1595
2019-04-05,3866.0,3960.0,3852.0,3934.0,2403
2019-04-08,3920.0,3941.0,3901.0,3904.0,1015
2019-04-09,3919.0,3922.0,3899.0,3902.0,722
2019-04-10,3891.0,3899.0,3862.0,3867.0,554
2019-04-11,3875.0,3880.0,3790.0,3811.0,749
2019-04-12,3816.0,3822.0,3779.0,3786.0,1411
2019-04-15,3797.0,3861.0,3793.0,3843.0,1352
2019-04-16,3837.0,3881.0,3827.0,3878.0,1316
2019-04-17,3869.0,3878.0,3835.0,3837.0,1089
2019-04-18,3841.0,3852.0,3820.0,3823.0,1469
2019-04-19,3819.0,3863.0,3812.0,3855.0,2010
2019-04-22,3841.0,3866.0,3808.0,3832.0,324
2019-04-23,3854.0,3857.0,3829.0,3835.0,2692
2019-04-24,3825.0,3865.0,3820.0,3852.0,1055
2019-04-25,3841.0,3892.0,3836.0,3870.0,588
2019-04-26,3867.0,3916.0,3851.0,3882.0,689
2019-04-29,3896.0,3906.0,3846.0,3858.0,1730
2019-04-30,3833.0,3846.0,3806.0,3836.0,1658
2019-05-01,3849.0,3875.0,3779.0,3789.0,447
2019-05-02,3779.0,3799.0,3701.0,3724.0,1597
2019-05-03,3727.0,3747.0,3715.0,3720.0,820
2019-05-06,3712.0,3766.0,3701.0,3755.0,2751
2019-05-07,3777.0,3779.0,3685.0,3699.0,1065
2019-05-08,3700.0,3730.0,3686.0,3714.0,2998
2019-05-09,3706.0,3750.0,3693.0,3748.0,1821
2019-05-10,3745.0,3756.0,3665.0,3677.0,2900
2019-05-13,3678.0,3698.0,3660.0,3668.0,1753
2019-05-14,3669.0,3741.0,3655.0,3737.0,552
2019-05-15,3742.0,3779.0,3712.0,3761.0,2000
2019-05-16,3761.0,3767.0,3682.0,3686.0,1537
2019-05-17,3671.0,3719.0,3639.0,3718.0,2492
2019-05-20,3714.0,3724.0,3678.0,3686.0,1295
2019-05-21,3693.0,3726.0,3677.0,3713.0,724
2019-05-22,3706.0,3723.0,3643.0,3687.0,518
2019-05-23,3694.0,3698.0,3683.0,3687.0,2281
2019-05-24,3687.0,3687.0,3650.0,3668.0,852
2019-05-27,3666.0,3687.0,3658.0,3671.0,2067
2019-05-28,3684.0,3693.0,3649.0,3650.0,576
2019-05-29,3631.0,3652.0,3621.0,3645.0,423
2019-05-30,3638.0,3656.0,3589.0,3602.0,2189
2019-05-31,3616.0,3631.0,3610.0,3625.0,1165
2019-06-03,3645.0,3651.0,3631.0,3637.0,1788
2019-06-04,3662.0,3675.0,3573.0,3576.0,277
2019-06-05,3576.0,3628.0,3564.0,3617.0,726
2019-06-06,3622.0,3630.0,3604.0,3613.0,452
2019-06-07,3622.0,3638.0,3616.0,3622.0,983
2019-06-10,3636.0,3670.0,3622.0,3655.0,994
2019-06-11,3659.0,3686.0,3648.0,3673.0,1248
2019-06-12,3683.0,3722.0,3674.0,3720.0,880
2019-06-13,3725.0,3739.0,3705.0,3708.0,1478
2019-06-14,3714.0,3757.0,3688.0,3752.0,2720
2019-06-17,3741.0,3759.0,3726.0,3759.0,441
2019-06-18,3755.0,3784.0,3749.0,3782.0,2702
2019-06-19,3776.0,3820.0,3755.0,3799.0,1355
2019-06-20,3785.0,3872.0,3780.0,3852.0,1818
2019-06-21,3833.0,3901.0,3821.0,3884.0,2081
2019-06-24,3879.0,3888.0,3860.0,3870.0,2258
2019-06-25,3867.0,3882.0,3841.0,3847.0,2842
2019-06-26,3848.0,3860.0,3845.0,3846.0,2998
2019-06-27,3853.0,3874.0,3813.0,3816.0,475
2019-06-28,3818.0,3836.0,3750.0,3772.0,1348
2019-07-01,3769.0,3769.0,3664.0,3684.0,1709
2019-07-02,3674.0,3685.0,3615.0,3624.0,1662
2019-07-03,3634.0,3717.0,3623.0,3706.0,2975
2019-07-04,3705.0,3707.0,3679.0,3682.0,2023
2019-07-05,3677.0,3763.0,3663.0,3760.0,1326
2019-07-08,3758.0,3780.0,3757.0,3778.0,2777
2019-07-09,3770.0,3791.0,3747.0,3779.0,2246
2019-07-10,3773.0,3783.0,3676.0,3720.0,2431
2019-07-11,3713.0,3733.0,3711.0,3723.0,1957
2019-07-12,3719.0,3826.0,3711.0,3801.0,380
2019-07-15,3809.0,3872.0,3794.0,3870.0,2917
2019-07-16,3875.0,3883.0,3841.0,3883.0,2196
2019-07-17,3901.0,3913.0,3817.0,3837.0,617
2019-07-18,3850.0,3870.0,3793.0,3798.0,905
2019-07-19,3820.0,3841.0,3749.0,3763.0,1154
2019-07-22,3769.0,3839.0,3753.0,3817.0,913
2019-07-23,3823.0,3900.0,3807.0,3888.0,1938
2019-07-24,3883.0,3921.0,3868.0,3899.0,1732
2019-07-25,3909.0,3923.0,3860.0,3887.0,794
2019-07-26,3880.0,3979.0,3878.0,3958.0,2149
2019-07-29,3940.0,3965.0,3907.0,3918.0,1003
2019-07-30,3936.0,3943.0,3904.0,3921.0,645
2019-07-31,3906.0,3974.0,3904.0,3943.0,2878
2019-08-01,3948.0,3954.0,3886.0,3910.0,1080
2019-08-02,3899.0,3908.0,3876.0,3886.0,851
2019-08-05,3900.0,3919.0,3853.0,3855.0,2205
2019-08-06,3870.0,3938.0,3846.0,3916.0,2337
2019-08-07,3922.0,4017.0,3900.0,4003.0,625
2019-08-08,4018.0,4027.0,4002.0,4007.0,356
2019-08-09,4007.0,4024.0,3950.0,3994.0,2579
2019-08-12,4021.0,4030.0,3964.0,3968.0,1611
2019-08-13,3977.0,3990.0,3952.0,3970.0,1476
2019-08-14,3959.0,3982.0,3940.0,3946.0,1377
2019-08-15,3947.0,3974.0,3928.0,3942.0,1840
2019-08-16,3940.0,3969.0,3936.0,3960.0,2085
2019-08-19,3957.0,3962.0,3934.0,3942.0,425
2019-08-20,3922.0,3936.0,3885.0,3933.0,943
2019-08-21,3937.0,3952.0,3914.0,3929.0,2872
2019-08-22,3912.0,3948.0,3905.0,3916.0,667
2019-08-23,3886.0,3907.0,3874.0,3899.0,2741
2019-08-26,3895.0,3939.0,3892.0,3931.0,1323
2019-08-27,3922.0,3940.0,3840.0,3855.0,732
2019-08-28,3845.0,3935.0,3832.0,3922.0,1865
2019-08-29,3886.0,3932.0,3872.0,3925.0,2056
2019-08-30,3915.0,3970.0,3912.0,3950.0,1179
2019-09-02,3947.0,3987.0,3921.0,3979.0,2420
2019-09-03,3972.0,4007.0,3922.0,3946.0,378
2019-09-04,3950.0,3983.0,3903.0,3905.0,541
2019-09-05,3921.0,3923.0,3854.0,3863.0,1940
2019-09-06,3869.0,3913.0,3844.0,3853.0,1816
2019-09-09,3865.0,3896.0,3861.0,3885.0,2157
2019-09-10,3898.0,3912.0,3845.0,3861.0,2581
2019-09-11,3849.0,3899.0,3842.0,3889.0,2804
2019-09-12,3894.0,3899.0,3786.0,3788.0,1618
2019-09-13,3799.0,3809.0,3748.0,3773.0,1603
2019-09-16,3768.0,3835.0,3759.0,3823.0,2786
2019-09-17,3814.0,3833.0,3798.0,3815.0,2890
2019-09-18,3821.0,3834.0,3782.0,3782.0,333
2019-09-19,3765.0,3783.0,3715.0,3756.0,1616
2019-09-20,3743.0,3747.0,3628.0,3632.0,2773
2019-09-23,3625.0,3625.0,3571.0,3591.0,343
2019-09-24,3596.0,3649.0,3587.0,3632.0,2936
2019-09-25,3635.0,3636.0,3589.0,3610.0,2297
2019-09-26,3621.0,3624.0,3557.0,3592.0,636
2019-09-27,3582.0,3585.0,3489.0,3501.0,1994
2019-09-30,3491.0,3496.0,3428.0,3439.0,1406
2019-10-01,3445.0,3491.0,3435.0,3487.0,1136
2019-10-02,3478.0,3527.0,3467.0,3512.0,1938
2019-10-03,3506.0,3522.0,3437.0,3465.0,2258
2019-10-04,3446.0,3448.0,3438.0,3443.0,2701
2019-10-07,3446.0,3469.0,3429.0,3442.0,1368
2019-10-08,3458.0,3463.0,3393.0,3400.0,646
2019-10-09,3389.0,3416.0,3324.0,3326.0,2618
2019-10-10,3336.0,3352.0,3305.0,3322.0,1135
2019-10-11,3322.0,3347.0,3296.0,3344.0,2326
2019-10-14,3327.0,3376.0,3304.0,3367.0,2434
2019-10-15,3358.0,3407.0,3357.0,3398.0,363
2019-10-16,3388.0,3395.0,3340.0,3341.0,1348
2019-10-17,3338.0,3344.0,3332.0,3342.0,437
2019-10-18,3346.0,3354.0,3321.0,3334.0,1893
2019-10-21,3353.0,3364.0,3331.0,3334.0,2425
2019-10-22,3320.0,3327.0,3294.0,3326.0,1768
2019-10-23,3322.0,3333.0,3289.0,3303.0,1106
2019-10-24,3295.0,3308.0,3178.0,3196.0,2924
2019-10-25,3184.0,3250.0,3168.0,3237.0,439
2019-10-28,3238.0,3257.0,3228.0,3251.0,596
2019-10-29,3251.0,3267.0,3190.0,3199.0,1225
2019-10-30,3182.0,3232.0,3165.0,3219.0,2855
2019-10-31,3219.0,3220.0,3191.0,3204.0,2704
2019-11-01,3192.0,3194.0,3179.0,3191.0,1779
2019-11-04,3192.0,3214.0,3152.0,3166.0,2866
2019-11-05,3178.0,3190.0,3143.0,3187.0,2731
2019-11-06,3191.0,3201.0,3158.0,3159.0,1843
2019-11-07,3161.0,3166.0,3116.0,3123.0,530
2019-11-08,3118.0,3186.0,3103.0,3163.0,2718
2019-11-11,3163.0,3179.0,3145.0,3157.0,1996
2019-11-12,3162.0,3167.0,3131.0,3154.0,595
2019-11-13,3158.0,3188.0,3146.0,3179.0,2552
2019-11-14,3178.0,3184.0,3148.0,3158.0,1316
2019-11-15,3160.0,3174.0,3141.0,3144.0,2403
2019-11-18,3132.0,3162.0,3122.0,3157.0,932
2019-11-19,3151.0,3160.0,3086.0,3105.0,227
2019-11-20,3112.0,3121.0,3105.0,3114.0,1470
2019-11-21,3122.0,3124.0,3080.0,3088.0,1466
2019-11-22,3089.0,3126.0,3077.0,3119.0,2618
2019-11-25,3133.0,3144.0,3128.0,3138.0,522
2019-11-26,3143.0,3156.0,3135.0,3155.0,2756
2019-11-27,3153.0,3161.0,3090.0,3101.0,627
2019-11-28,3090.0,3101.0,3060.0,3099.0,2816
2019-11-29,3112.0,3130.0,3052.0,3061.0,2177
2019-12-02,3068.0,3085.0,3050.0,3058.0,1207
2019-12-03,3075.0,3077.0,2972.0,2981.0,2878
2019-12-04,3000.0,3001.0,2910.0,2933.0,1205
2019-12-05,2921.0,2990.0,2915.0,2973.0,1975
2019-12-06,2961.0,3007.0,2950.0,2987.0,245
2019-12-09,2961.0,2987.0,2958.0,2975.0,486
2019-12-10,2983.0,2992.0,2942.0,2947.0,1189
2019-12-11,2953.0,2980.0,2913.0,2916.0,883
2019-12-12,2916.0,2925.0,2913.0,2924.0,836
2019-12-13,2914.0,2916.0,2896.0,2915.0,1260
2019-12-16,2914.0,2974.0,2903.0,2966.0,1904
2019-12-17,2968.0,2973.0,2955.0,2961.0,551
2019-12-18,2968.0,2971.0,2950.0,2962.0,2305
2019-12-19,2965.0,2972.0,2912.0,2919.0,2574
2019-12-20,2925.0,2934.0,2899.0,2910.0,2539
2019-12-23,2909.0,2922.0,2895.0,2916.0,744
2019-12-24,2926.0,2928.0,2898.0,2904.0,2665
2019-12-25,2910.0,2925.0,2870.0,2889.0,562
2019-12-26,2878.0,2909.0,2870.0,2899.0,499
2019-12-27,2911.0,2962.0,2896.0,2949.0,2231
2019-12-30,2960.0,2961.0,2950.0,2953.0,2329
2019-12-31,2957.0,3009.0,2933.0,2991.0,555
2020-01-01,2994.0,3035.0,2978.0,3014.0,1363
2020-01-02,3029.0,3075.0,3020.0,3050.0,1348
2020-01-03,3035.0,3061.0,3015.0,3028.0,2223
2020-01-06,3039.0,3045.0,3008.0,3021.0,1643
2020-01-07,3016.0,3026.0,3009.0,3016.0,1882
2020-01-08,3026.0,3033.0,3005.0,3033.0,424
2020-01-09,3034.0,3063.0,3028.0,3060.0,2935
2020-01-10,3049.0,3072.0,3044.0,3064.0,1756
2020-01-13,3059.0,3096.0,3053.0,3096.0,2072
2020-01-14,3105.0,3112.0,3074.0,3077.0,1544
2020-01-15,3075.0,3114.0,3069.0,3109.0,889
2020-01-16,3103.0,3171.0,3087.0,3146.0,2071
2020-01-17,3140.0,3174.0,3124.0,3173.0,1007
2020-01-20,3179.0,3198.0,3159.0,3178.0,813
2020-01-21,3195.0,3226.0,3195.0,3205.0,1746
2020-01-22,3185.0,3200.0,3172.0,3173.0,1198
2020-01-23,3200.0,3207.0,3172.0,3182.0,2704
2020-01-24,3184.0,3196.0,3179.0,3193.0,2047
2020-01-27,3198.0,3204.0,3128.0,3146.0,1245
2020-01-28,3142.0,3182.0,3131.0,3163.0,299
2020-01-29,3163.0,3173.0,3102.0,3119.0,1154
2020-01-30,3121.0,3139.0,3097.0,3106.0,524
2020-01-31,3096.0,3116.0,3095.0,3109.0,813
2020-02-03,3101.0,3116.0,3075.0,3085.0,993
2020-02-04,3096.0,3111.0,3083.0,3086.0,2027
2020-02-05,3072.0,3102.0,3068.0,3090.0,497
2020-02-06,3094.0,3105.0,3052.0,3064.0,653
2020-02-07,3060.0,3090.0,3044.0,3082.0,310
2020-02-10,3073.0,3098.0,3048.0,3056.0,2767
2020-02-11,3074.0,3149.0,3064.0,3136.0,2964
2020-02-12,3127.0,3141.0,3110.0,3133.0,1034
2020-02-13,3123.0,3142.0,3088.0,3094.0,1476
2020-02-14,3093.0,3094.0,3046.0,3064.0,1043
2020-02-17,3057.0,3117.0,3057.0,3105.0,1694
2020-02-18,3105.0,3107.0,3074.0,3093.0,1743
2020-02-19,3094.0,3110.0,3025.0,3050.0,913
2020-02-20,3053.0,3087.0,3047.0,3080.0,2005
2020-02-21,3079.0,3091.0,3064.0,3066.0,221
2020-02-24,3060.0,3100.0,3045.0,3090.0,2004
2020-02-25,3096.0,3128.0,3095.0,3123.0,2302
2020-02-26,3122.0,3155.0,3113.0,3133.0,348
2020-02-27,3128.0,3244.0,3122.0,3216.0,2226
2020-02-28,3230.0,3243.0,3150.0,3158.0,2265
2020-03-02,3157.0,3165.0,3130.0,3131.0,2923
2020-03-03,3141.0,3148.0,3114.0,3121.0,2457
2020-03-04,3133.0,3216.0,3112.0,3201.0,259
2020-03-05,3214.0,3294.0,3202.0,3266.0,428
2020-03-06,3272.0,3313.0,3266.0,3312.0,583
2020-03-09,3312.0,3319.0,3269.0,3284.0,1828
2020-03-10,3283.0,3309.0,3255.0,3258.0,2193
2020-03-11,3256.0,3273.0,3222.0,3229.0,2042
2020-03-12,3208.0,3215.0,3198.0,3203.0,1124
2020-03-13,3210.0,3258.0,3196.0,3257.0,762
2020-03-16,3259.0,3272.0,3235.0,3248.0,378
2020-03-17,3256.0,3260.0,3241.0,3244.0,1247
2020-03-18,3242.0,3284.0,3239.0,3271.0,1042
2020-03-19,3278.0,3278.0,3180.0,3212.0,1050
2020-03-20,3199.0,3223.0,3191.0,3214.0,445
2020-03-23,3203.0,3205.0,3163.0,3178.0,1015
2020-03-24,3154.0,3175.0,3135.0,3167.0,2545
2020-03-25,3165.0,3178.0,3144.0,3149.0,874
2020-03-26,3141.0,3143.0,3122.0,3127.0,2655
2020-03-27,3119.0,3149.0,3102.0,3137.0,442
2020-03-30,3140.0,3149.0,3137.0,3145.0,1983
2020-03-31,3141.0,3147.0,3115.0,3140.0,501
2020-04-01,3126.0,3171.0,3114.0,3155.0,1279
2020-04-02,3179.0,3188.0,3119.0,3127.0,2870
2020-04-03,3127.0,3159.0,3121.0,3150.0,2352
2020-04-06,3140.0,3155.0,3127.0,3145.0,1638
2020-04-07,3139.0,3144.0,3128.0,3130.0,1968
2020-04-08,3129.0,3134.0,3086.0,3103.0,2049
2020-04-09,3101.0,3116.0,3096.0,3096.0,2417
2020-04-10,3108.0,3179.0,3103.0,3162.0,1860
2020-04-13,3161.0,3188.0,3143.0,3162.0,1630
2020-04-14,3179.0,3187.0,3121.0,3124.0,412
2020-04-15,3120.0,3169.0,3110.0,3158.0,2883
2020-04-16,3162.0,3163.0,3126.0,3145.0,1785
2020-04-17,3154.0,3161.0,3152.0,3157.0,1012
2020-04-20,3169.0,3172.0,3125.0,3135.0,577
2020-04-21,3147.0,3192.0,3140.0,3181.0,1891
2020-04-22,3179.0,3183.0,3161.0,3163.0,2390
2020-04-23,3163.0,3219.0,3152.0,3212.0,2462
2020-04-24,3188.0,3211.0,3173.0,3177.0,2680
2020-04-27,3176.0,3176.0,3161.0,3171.0,2702
2020-04-28,3182.0,3230.0,3175.0,3222.0,1944
2020-04-29,3230.0,3250.0,3223.0,3230.0,2850
2020-04-30,3230.0,3338.0,3225.0,3313.0,407
2020-05-01,3330.0,3338.0,3294.0,3305.0,1306
2020-05-04,3301.0,3346.0,3281.0,3318.0,1554
2020-05-05,3311.0,3396.0,3307.0,3391.0,2158
2020-05-06,3386.0,3388.0,3336.0,3337.0,1037
2020-05-07,3326.0,3328.0,3276.0,3278.0,1012
2020-05-08,3284.0,3313.0,3247.0,3254.0,2729
2020-05-11,3257.0,3315.0,3248.0,3286.0,2018
2020-05-12,3292.0,3295.0,3228.0,3231.0,1978
2020-05-13,3227.0,3258.0,3212.0,3255.0,715
2020-05-14,3254.0,3277.0,3246.0,3274.0,1600
2020-05-15,3253.0,3354.0,3246.0,3352.0,1380
2020-05-18,3356.0,3396.0,3354.0,3393.0,1937
2020-05-19,3394.0,3411.0,3386.0,3409.0,2776
2020-05-20,3397.0,3462.0,3387.0,3462.0,979
2020-05-21,3461.0,3502.0,3452.0,3484.0,2470
2020-05-22,3481.0,3486.0,3466.0,3469.0,1974
2020-05-25,3488.0,3498.0,3418.0,3429.0,1590
2020-05-26,3418.0,3425.0,3399.0,3411.0,2860
2020-05-27,3414.0,3440.0,3408.0,3412.0,611
2020-05-28,3401.0,3440.0,3388.0,3422.0,2099
2020-05-29,3416.0,3428.0,3343.0,3344.0,1316
2020-06-01,3347.0,3358.0,3339.0,3342.0,2109
2020-06-02,3340.0,3345.0,3311.0,3344.0,588
2020-06-03,3344.0,3385.0,3331.0,3369.0,2261
2020-06-04,3373.0,3457.0,3360.0,3435.0,391
2020-06-05,3430.0,3455.0,3426.0,3444.0,1176
2020-06-08,3453.0,3461.0,3414.0,3415.0,2738
2020-06-09,3412.0,3413.0,3350.0,3352.0,1971
2020-06-10,3351.0,3390.0,3347.0,3382.0,1576
2020-06-11,3385.0,3397.0,3343.0,3352.0,1126
2020-06-12,3355.0,3388.0,3345.0,3387.0,450
2020-06-15,3394.0,3450.0,3369.0,3442.0,511
2020-06-16,3445.0,3467.0,3383.0,3387.0,2206
2020-06-17,3392.0,3427.0,3383.0,3412.0,967
2020-06-18,3409.0,3477.0,3400.0,3464.0,407
2020-06-19,3453.0,3523.0,3452.0,3504.0,1427
2020-06-22,3489.0,3503.0,3421.0,3428.0,1309
2020-06-23,3411.0,3428.0,3376.0,3399.0,2882
2020-06-24,3417.0,3435.0,3335.0,3355.0,844
2020-06-25,3332.0,3378.0,3319.0,3377.0,949
2020-06-26,3389.0,3402.0,3372.0,3395.0,660
2020-06-29,3386.0,3387.0,3276.0,3297.0,726
2020-06-30,3308.0,3324.0,3284.0,3287.0,1693
2020-07-01,3265.0,3346.0,3253.0,3316.0,824
2020-07-02,3314.0,3343.0,3308.0,3324.0,2215
2020-07-03,3339.0,3344.0,3312.0,3332.0,2489
2020-07-06,3339.0,3350.0,3300.0,3320.0,1564
2020-07-07,3317.0,3320.0,3277.0,3280.0,870
2020-07-08,3261.0,3289.0,3254.0,3280.0,2498
2020-07-09,3267.0,3287.0,3242.0,3286.0,2905
2020-07-10,3299.0,3314.0,3298.0,3309.0,2768
2020-07-13,3306.0,3342.0,3288.0,3338.0,2776
2020-07-14,3337.0,3361.0,3335.0,3341.0,2460
2020-07-15,3344.0,3414.0,3340.0,3385.0,2267
2020-07-16,3372.0,3376.0,3366.0,3373.0,2878
2020-07-17,3377.0,3384.0,3318.0,3322.0,1150
2020-07-20,3318.0,3350.0,3302.0,3344.0,2801
2020-07-21,3347.0,3374.0,3346.0,3353.0,257
2020-07-22,3347.0,3373.0,3338.0,3372.0,2531
2020-07-23,3356.0,3361.0,3308.0,3327.0,1135
2020-07-24,3322.0,3404.0,3318.0,3394.0,1019
2020-07-27,3401.0,3436.0,3387.0,3423.0,2090
2020-07-28,3427.0,3438.0,3408.0,3414.0,688
2020-07-29,3414.0,3428.0,3376.0,3380.0,2982
2020-07-30,3389.0,3449.0,3371.0,3424.0,2235
2020-07-31,3422.0,3427.0,3365.0,3384.0,253
2020-08-03,3385.0,3489.0,3379.0,3474.0,2567
2020-08-04,3469.0,3475.0,3436.0,3452.0,502
2020-08-05,3462.0,3548.0,3459.0,3521.0,2504
2020-08-06,3524.0,3527.0,3512.0,3516.0,2476
2020-08-07,3510.0,3592.0,3506.0,3580.0,2002
2020-08-10,3564.0,3567.0,3550.0,3551.0,1881
2020-08-11,3563.0,3574.0,3537.0,3552.0,2523
2020-08-12,3544.0,3594.0,3531.0,3586.0,2581
2020-08-13,3586.0,3629.0,3586.0,3614.0,2180
2020-08-14,3640.0,3677.0,3624.0,3660.0,678
2020-08-17,3669.0,3692.0,3635.0,3639.0,2063
2020-08-18,3657.0,3682.0,3630.0,3642.0,764
2020-08-19,3636.0,3710.0,3621.0,3692.0,330
2020-08-20,3704.0,3747.0,3637.0,3662.0,624
2020-08-21,3662.0,3701.0,3659.0,3686.0,1489
2020-08-24,3690.0,3694.0,3640.0,3680.0,2898
2020-08-25,3702.0,3703.0,3665.0,3689.0,294
2020-08-26,3686.0,3691.0,3686.0,3690.0,407
2020-08-27,3690.0,3719.0,3653.0,3659.0,458
2020-08-28,3649.0,3660.0,3640.0,3649.0,733
2020-08-31,3659.0,3660.0,3652.0,3658.0,1714
2020-09-01,3652.0,3663.0,3639.0,3653.0,2499
2020-09-02,3664.0,3725.0,3656.0,3717.0,332
2020-09-03,3698.0,3800.0,3690.0,3761.0,2452
2020-09-04,3767.0,3778.0,3763.0,3774.0,2757
2020-09-07,3767.0,3771.0,3736.0,3744.0,422
2020-09-08,3752.0,3756.0,3698.0,3711.0,1460
2020-09-09,3711.0,3802.0,3707.0,3793.0,2481
2020-09-10,3787.0,3794.0,3747.0,3753.0,2159
2020-09-11,3748.0,3775.0,3739.0,3756.0,718
2020-09-14,3747.0,3780.0,3746.0,3773.0,613
2020-09-15,3782.0,3802.0,3743.0,3758.0,1448
2020-09-16,3747.0,3748.0,3691.0,3718.0,2573
2020-09-17,3715.0,3717.0,3673.0,3686.0,2856
2020-09-18,3690.0,3693.0,3640.0,3664.0,1538
2020-09-21,3682.0,3689.0,3621.0,3636.0,1682
2020-09-22,3635.0,3698.0,3629.0,3688.0,1764
2020-09-23,3686.0,3694.0,3651.0,3687.0,1572
2020-09-24,3690.0,3695.0,3647.0,3665.0,2015
2020-09-25,3642.0,3669.0,3633.0,3668.0,966
2020-09-28,3655.0,3727.0,3653.0,3695.0,1711
2020-09-29,3691.0,3702.0,3673.0,3679.0,1916
2020-09-30,3672.0,3724.0,3635.0,3717.0,1776
2020-10-01,3699.0,3714.0,3663.0,3663.0,2929
2020-10-02,3673.0,3714.0,3657.0,3710.0,2284
2020-10-05,3713.0,3722.0,3698.0,3708.0,2255
2020-10-06,3710.0,3727.0,3695.0,3708.0,2458
2020-10-07,3700.0,3708.0,3665.0,3680.0,1677
2020-10-08,3681.0,3686.0,3617.0,3630.0,1057
2020-10-09,3636.0,3650.0,3562.0,3565.0,1700
2020-10-12,3562.0,3567.0,3520.0,3533.0,2781
2020-10-13,3537.0,3562.0,3532.0,3556.0,2661
2020-10-14,3547.0,3556.0,3500.0,3521.0,1190
2020-10-15,3522.0,3538.0,3444.0,3462.0,1552
2020-10-16,3474.0,3496.0,3408.0,3428.0,962
2020-10-19,3441.0,3452.0,3394.0,3415.0,234
2020-10-20,3428.0,3428.0,3381.0,3403.0,1072
2020-10-21,3406.0,3419.0,3392.0,3396.0,482
2020-10-22,3397.0,3444.0,3383.0,3434.0,1203
2020-10-23,3429.0,3483.0,3410.0,3482.0,350
2020-10-26,3463.0,3560.0,3458.0,3559.0,1087
2020-10-27,3545.0,3551.0,3487.0,3498.0,2200
2020-10-28,3496.0,3511.0,3451.0,3465.0,2562
2020-10-29,3464.0,3499.0,3452.0,3490.0,2684
2020-10-30,3505.0,3531.0,3459.0,3472.0,1771
2020-11-02,3486.0,3511.0,3482.0,3502.0,1729
2020-11-03,3494.0,3531.0,3487.0,3509.0,2909
2020-11-04,3518.0,3583.0,3511.0,3571.0,1755
2020-11-05,3566.0,3617.0,3564.0,3612.0,435
2020-11-06,3619.0,3662.0,3601.0,3655.0,2820
2020-11-09,3664.0,3686.0,3631.0,3640.0,1919
2020-11-10,3654.0,3658.0,3630.0,3636.0,2066
2020-11-11,3630.0,3639.0,3599.0,3621.0,468
2020-11-12,3632.0,3633.0,3545.0,3562.0,1515
2020-11-13,3542.0,3622.0,3532.0,3621.0,1484
2020-11-16,3635.0,3670.0,3634.0,3651.0,2481
2020-11-17,3650.0,3681.0,3636.0,3637.0,1271
2020-11-18,3637.0,3694.0,3616.0,3687.0,1160
2020-11-19,3665.0,3677.0,3652.0,3664.0,2106
2020-11-20,3660.0,3664.0,3577.0,3589.0,243
2020-11-23,3603.0,3634.0,3595.0,3629.0,2287
2020-11-24,3624.0,3628.0,3562.0,3576.0,220
2020-11-25,3583.0,3588.0,3556.0,3566.0,866
2020-11-26,3567.0,3628.0,3550.0,3576.0,1592
2020-11-27,3587.0,3613.0,3586.0,3591.0,742
2020-11-30,3593.0,3635.0,3579.0,3625.0,298
2020-12-01,3615.0,3652.0,3614.0,3648.0,1374
2020-12-02,3649.0,3673.0,3638.0,3670.0,2180
2020-12-03,3687.0,3699.0,3629.0,3639.0,877
2020-12-04,3644.0,3653.0,3639.0,3650.0,967
2020-12-07,3649.0,3649.0,3586.0,3587.0,2094
2020-12-08,3611.0,3658.0,3601.0,3648.0,2853
2020-12-09,3660.0,3663.0,3581.0,3592.0,1649
2020-12-10,3601.0,3601.0,3564.0,3578.0,1765
2020-12-11,3582.0,3595.0,3505.0,3524.0,2515
2020-12-14,3532.0,3551.0,3490.0,3494.0,384
2020-12-15,3502.0,3513.0,3492.0,3494.0,2947
2020-12-16,3471.0,3483.0,3459.0,3472.0,1532
2020-12-17,3477.0,3523.0,3457.0,3514.0,1258
2020-12-18,3513.0,3535.0,3491.0,3522.0,1930
2020-12-21,3517.0,3525.0,3493.0,3503.0,2753
2020-12-22,3501.0,3503.0,3494.0,3499.0,2823
2020-12-23,3483.0,3549.0,3482.0,3548.0,2376
2020-12-24,3529.0,3586.0,3519.0,3583.0,1554
2020-12-25,3597.0,3611.0,3525.0,3538.0,617
2020-12-28,3543.0,3554.0,3507.0,3511.0,732
2020-12-29,3486.0,3547.0,3483.0,3528.0,2540
2020-12-30,3522.0,3567.0,3505.0,3539.0,550
2020-12-31,3549.0,3571.0,3490.0,3497.0,1548
2021-01-01,3494.0,3538.0,3480.0,3524.0,1341
2021-01-04,3538.0,3560.0,3479.0,3488.0,2185
2021-01-05,3499.0,3568.0,3480.0,3538.0,1160
2021-01-06,3524.0,3571.0,3521.0,3559.0,2167
2021-01-07,3557.0,3581.0,3497.0,3512.0,1622
2021-01-08,3507.0,3519.0,3487.0,3490.0,2680
2021-01-11,3476.0,3498.0,3462.0,3468.0,723
2021-01-12,3453.0,3476.0,3452.0,3474.0,2331
2021-01-13,3465.0,3470.0,3463.0,3465.0,2220
2021-01-14,3458.0,3468.0,3417.0,3418.0,2508
2021-01-15,3421.0,3435.0,3361.0,3363.0,1572
2021-01-18,3374.0,3394.0,3360.0,3382.0,1098
2021-01-19,3388.0,3417.0,3386.0,3393.0,1647
2021-01-20,3401.0,3420.0,3369.0,3393.0,2924
2021-01-21,3390.0,3403.0,3383.0,3402.0,745
2021-01-22,3409.0,3451.0,3365.0,3380.0,2052
2021-01-25,3378.0,3403.0,3362.0,3385.0,828
2021-01-26,3380.0,3488.0,3348.0,3480.0,2366
2021-01-27,3500.0,3537.0,3477.0,3523.0,1385
2021-01-28,3499.0,3533.0,3476.0,3511.0,2604
2021-01-29,3491.0,3512.0,3471.0,3488.0,657
2021-02-01,3492.0,3505.0,3371.0,3375.0,546
2021-02-02,3372.0,3434.0,3364.0,3415.0,2862
2021-02-03,3400.0,3449.0,3396.0,3442.0,1141
2021-02-04,3431.0,3440.0,3408.0,3420.0,437
2021-02-05,3410.0,3412.0,3353.0,3364.0,2540
2021-02-08,3373.0,3376.0,3314.0,3319.0,1359
2021-02-09,3331.0,3346.0,3327.0,3335.0,2781
2021-02-10,3352.0,3363.0,3324.0,3331.0,1425
2021-02-11,3315.0,3362.0,3290.0,3357.0,2317
2021-02-12,3343.0,3365.0,3343.0,3361.0,1820
2021-02-15,3346.0,3409.0,3345.0,3397.0,1550
2021-02-16,3410.0,3433.0,3396.0,3411.0,1560
2021-02-17,3415.0,3448.0,3398.0,3444.0,903
2021-02-18,3445.0,3459.0,3355.0,3364.0,2262
2021-02-19,3366.0,3378.0,3302.0,3318.0,1670
2021-02-22,3317.0,3318.0,3302.0,3306.0,204
2021-02-23,3294.0,3352.0,3287.0,3346.0,1312
2021-02-24,3351.0,3430.0,3345.0,3414.0,1336
2021-02-25,3412.0,3423.0,3401.0,3407.0,2679
2021-02-26,3395.0,3425.0,3361.0,3386.0,1395
2021-03-01,3392.0,3409.0,3313.0,3314.0,1788
2021-03-02,3310.0,3350.0,3297.0,3346.0,432
2021-03-03,3348.0,3358.0,3316.0,3324.0,1297
2021-03-04,3323.0,3471.0,3316.0,3434.0,995
2021-03-05,3443.0,3460.0,3404.0,3406.0,1595
2021-03-08,3408.0,3489.0,3403.0,3485.0,2715
2021-03-09,3476.0,3531.0,3464.0,3513.0,2813
2021-03-10,3517.0,3531.0,3467.0,3474.0,1003
2021-03-11,3477.0,3492.0,3471.0,3481.0,1917
2021-03-12,3487.0,3530.0,3479.0,3511.0,2872
2021-03-15,3522.0,3541.0,3492.0,3506.0,841
2021-03-16,3499.0,3536.0,3486.0,3536.0,1427
2021-03-17,3543.0,3569.0,3529.0,3567.0,1600
2021-03-18,3549.0,3595.0,3522.0,3589.0,209
2021-03-19,3588.0,3595.0,3566.0,3589.0,1503
2021-03-22,3586.0,3599.0,3542.0,3542.0,539
2021-03-23,3558.0,3570.0,3515.0,3541.0,1069
2021-03-24,3539.0,3558.0,3539.0,3549.0,523
2021-03-25,3556.0,3559.0,3459.0,3477.0,2261
2021-03-26,3459.0,3494.0,3450.0,3485.0,2537
2021-03-29,3482.0,3498.0,3479.0,3479.0,951
2021-03-30,3470.0,3476.0,3430.0,3432.0,312
2021-03-31,3457.0,3467.0,3391.0,3420.0,1579
2021-04-01,3413.0,3436.0,3406.0,3410.0,521
2021-04-02,3411.0,3510.0,3408.0,3482.0,1434
2021-04-05,3484.0,3492.0,3480.0,3490.0,1723
2021-04-06,3473.0,3532.0,3439.0,3530.0,1507
2021-04-07,3525.0,3542.0,3521.0,3526.0,1661
2021-04-08,3531.0,3543.0,3447.0,3455.0,1786
2021-04-09,3456.0,3505.0,3440.0,3483.0,658
2021-04-12,3459.0,3471.0,3449.0,3457.0,2113
2021-04-13,3451.0,3468.0,3445.0,3446.0,2071
2021-04-14,3457.0,3463.0,3406.0,3407.0,600
2021-04-15,3413.0,3419.0,3406.0,3410.0,1414
2021-04-16,3423.0,3458.0,3417.0,3450.0,1007
2021-04-19,3440.0,3498.0,3437.0,3487.0,1312
2021-04-20,3501.0,3551.0,3492.0,3547.0,2363
2021-04-21,3546.0,3632.0,3532.0,3617.0,1870
2021-04-22,3634.0,3651.0,3533.0,3535.0,2741
2021-04-23,3535.0,3546.0,3469.0,3490.0,1793
2021-04-26,3469.0,3475.0,3420.0,3423.0,325
2021-04-27,3431.0,3450.0,3406.0,3450.0,2191
2021-04-28,3445.0,3459.0,3423.0,3425.0,405
2021-04-29,3421.0,3425.0,3407.0,3408.0,1157
2021-04-30,3393.0,3418.0,3391.0,3401.0,2814
2021-05-03,3417.0,3434.0,3413.0,3418.0,2971
2021-05-04,3413.0,3434.0,3339.0,3365.0,614
2021-05-05,3381.0,3387.0,3308.0,3320.0,2958
2021-05-06,3316.0,3330.0,3287.0,3322.0,2942
2021-05-07,3312.0,3380.0,3306.0,3366.0,2659
2021-05-10,3379.0,3395.0,3359.0,3367.0,2519
2021-05-11,3366.0,3381.0,3335.0,3337.0,410
2021-05-12,3337.0,3339.0,3247.0,3262.0,537
2021-05-13,3250.0,3300.0,3249.0,3299.0,1918
2021-05-14,3295.0,3305.0,3274.0,3278.0,487
2021-05-17,3282.0,3287.0,3217.0,3238.0,902
2021-05-18,3225.0,3234.0,3173.0,3179.0,2936
2021-05-19,3174.0,3181.0,3129.0,3134.0,2749
2021-05-20,3130.0,3131.0,3094.0,3105.0,913
2021-05-21,3105.0,3124.0,3087.0,3099.0,1708
2021-05-24,3112.0,3138.0,3041.0,3061.0,1708
2021-05-25,3058.0,3081.0,3040.0,3070.0,935
2021-05-26,3064.0,3074.0,3056.0,3065.0,861
2021-05-27,3090.0,3170.0,3081.0,3143.0,1423
2021-05-28,3139.0,3164.0,3077.0,3088.0,1881
2021-05-31,3086.0,3101.0,3066.0,3095.0,2452
2021-06-01,3091.0,3133.0,3090.0,3104.0,2552
2021-06-02,3101.0,3113.0,3072.0,3073.0,257
2021-06-03,3073.0,3087.0,3067.0,3079.0,2039
2021-06-04,3087.0,3139.0,3075.0,3106.0,1924
2021-06-07,3110.0,3123.0,3086.0,3114.0,330
2021-06-08,3124.0,3166.0,3122.0,3165.0,2537
2021-06-09,3175.0,3181.0,3086.0,3092.0,1866
2021-06-10,3094.0,3097.0,3054.0,3067.0,2212
2021-06-11,3070.0,3133.0,3066.0,3118.0,2050
2021-06-14,3129.0,3157.0,3119.0,3152.0,1136
2021-06-15,3141.0,3182.0,3135.0,3173.0,762
2021-06-16,3197.0,3225.0,3180.0,3221.0,1258
2021-06-17,3216.0,3221.0,3155.0,3156.0,2333
2021-06-18,3153.0,3207.0,3131.0,3188.0,1982
2021-06-21,3176.0,3229.0,3175.0,3228.0,1955
2021-06-22,3216.0,3231.0,3207.0,3208.0,565
2021-06-23,3217.0,3318.0,3211.0,3305.0,226
2021-06-24,3328.0,3338.0,3297.0,3317.0,2069
2021-06-25,3311.0,3315.0,3237.0,3241.0,2861
2021-06-28,3244.0,3284.0,3233.0,3256.0,1204
2021-06-29,3258.0,3262.0,3231.0,3232.0,1447
2021-06-30,3242.0,3283.0,3238.0,3277.0,2882
2021-07-01,3299.0,3306.0,3273.0,3298.0,850
2021-07-02,3313.0,3337.0,3266.0,3280.0,1661
2021-07-05,3278.0,3355.0,3262.0,3338.0,441
2021-07-06,3343.0,3392.0,3330.0,3379.0,938
2021-07-07,3385.0,3392.0,3347.0,3350.0,1248
2021-07-08,3349.0,3395.0,3347.0,3348.0,2119
2021-07-09,3337.0,3372.0,3336.0,3369.0,1061
2021-07-12,3361.0,3378.0,3355.0,3358.0,1489
2021-07-13,3369.0,3384.0,3341.0,3349.0,1034
2021-07-14,3361.0,3375.0,3345.0,3350.0,595
2021-07-15,3348.0,3353.0,3310.0,3315.0,2420
2021-07-16,3317.0,3333.0,3235.0,3240.0,2084
2021-07-19,3251.0,3271.0,3247.0,3251.0,2008
2021-07-20,3234.0,3238.0,3155.0,3184.0,1832
2021-07-21,3179.0,3202.0,3152.0,3153.0,572
2021-07-22,3172.0,3176.0,3089.0,3095.0,1642
2021-07-23,3098.0,3104.0,3019.0,3042.0,2182
2021-07-26,3032.0,3062.0,3027.0,3057.0,1584
2021-07-27,3058.0,3075.0,3048.0,3053.0,2225
2021-07-28,3062.0,3070.0,3031.0,3047.0,1121
2021-07-29,3024.0,3041.0,2998.0,3005.0,1639
2021-07-30,3006.0,3009.0,2978.0,2986.0,1266
2021-08-02,2983.0,3002.0,2966.0,3001.0,2988
2021-08-03,2986.0,3009.0,2979.0,3001.0,701
2021-08-04,3002.0,3050.0,3002.0,3032.0,993
2021-08-05,3031.0,3078.0,3010.0,3066.0,2106
2021-08-06,3066.0,3067.0,3058.0,3061.0,363
2021-08-09,3058.0,3081.0,2996.0,3000.0,1635
2021-08-10,2991.0,3001.0,2973.0,2977.0,280
2021-08-11,2964.0,2996.0,2956.0,2979.0,1677
2021-08-12,2973.0,2973.0,2957.0,2957.0,1097
2021-08-13,2965.0,2966.0,2904.0,2926.0,731
2021-08-16,2928.0,2946.0,2924.0,2930.0,1594
2021-08-17,2929.0,3015.0,2915.0,3011.0,1127
2021-08-18,3001.0,3027.0,2996.0,2997.0,419
2021-08-19,2994.0,3003.0,2983.0,2999.0,1691
2021-08-20,3006.0,3015.0,2953.0,2958.0,1784
2021-08-23,2963.0,3030.0,2962.0,3001.0,2053
2021-08-24,2997.0,3043.0,2982.0,3032.0,2722
2021-08-25,3009.0,3068.0,3003.0,3060.0,2166
2021-08-26,3053.0,3110.0,3046.0,3107.0,2431
2021-08-27,3103.0,3109.0,3081.0,3096.0,2014
2021-08-30,3087.0,3105.0,3074.0,3086.0,2082
2021-08-31,3082.0,3161.0,3068.0,3146.0,2421
2021-09-01,3154.0,3204.0,3129.0,3169.0,2052
2021-09-02,3168.0,3179.0,3094.0,3094.0,1606
2021-09-03,3103.0,3112.0,3102.0,3111.0,2244
2021-09-06,3097.0,3109.0,3085.0,3094.0,2902
2021-09-07,3091.0,3174.0,3089.0,3127.0,1583
2021-09-08,3109.0,3150.0,3088.0,3141.0,832
2021-09-09,3137.0,3137.0,3080.0,3083.0,1325
2021-09-10,3074.0,3099.0,3061.0,3093.0,239
2021-09-13,3105.0,3117.0,3100.0,3101.0,1058
2021-09-14,3105.0,3115.0,3092.0,3115.0,2683
2021-09-15,3124.0,3139.0,3116.0,3135.0,478
2021-09-16,3131.0,3195.0,3117.0,3189.0,2686
2021-09-17,3180.0,3222.0,3177.0,3204.0,1774
2021-09-20,3194.0,3206.0,3178.0,3205.0,1091
2021-09-21,3208.0,3257.0,3206.0,3246.0,1523
2021-09-22,3264.0,3342.0,3260.0,3327.0,2660
2021-09-23,3332.0,3366.0,3321.0,3363.0,532
2021-09-24,3359.0,3387.0,3355.0,3372.0,1784
2021-09-27,3370.0,3402.0,3354.0,3391.0,951
2021-09-28,3391.0,3412.0,3375.0,3404.0,1715
2021-09-29,3425.0,3426.0,3392.0,3404.0,2404
2021-09-30,3417.0,3515.0,3413.0,3487.0,2779
2021-10-01,3489.0,3495.0,3453.0,3457.0,915
2021-10-04,3458.0,3511.0,3456.0,3501.0,2058
2021-10-05,3504.0,3515.0,3486.0,3496.0,1392
2021-10-06,3501.0,3512.0,3436.0,3439.0,1607
2021-10-07,3434.0,3440.0,3420.0,3431.0,651
2021-10-08,3422.0,3438.0,3401.0,3411.0,2598
2021-10-11,3421.0,3439.0,3418.0,3431.0,675
2021-10-12,3432.0,3438.0,3428.0,3437.0,311
2021-10-13,3446.0,3467.0,3397.0,3398.0,2317
2021-10-14,3415.0,3461.0,3413.0,3458.0,1335
2021-10-15,3463.0,3508.0,3462.0,3499.0,386
2021-10-18,3503.0,3583.0,3503.0,3562.0,2106
2021-10-19,3596.0,3601.0,3558.0,3570.0,998
2021-10-20,3572.0,3590.0,3555.0,3571.0,2933
2021-10-21,3559.0,3618.0,3552.0,3600.0,2946
2021-10-22,3597.0,3611.0,3576.0,3578.0,1741
2021-10-25,3595.0,3599.0,3552.0,3582.0,1532
2021-10-26,3568.0,3584.0,3565.0,3575.0,1445
2021-10-27,3567.0,3569.0,3502.0,3517.0,1897
2021-10-28,3529.0,3545.0,3511.0,3525.0,2745
2021-10-29,3522.0,3535.0,3475.0,3509.0,1994
2021-11-01,3508.0,3517.0,3498.0,3501.0,477
2021-11-02,3512.0,3532.0,3495.0,3512.0,749
2021-11-03,3505.0,3576.0,3493.0,3561.0,1962
2021-11-04,3545.0,3561.0,3515.0,3529.0,1234
2021-11-05,3515.0,3519.0,3512.0,3518.0,1542
2021-11-08,3524.0,3530.0,3468.0,3491.0,1321
2021-11-09,3493.0,3495.0,3446.0,3457.0,1868
2021-11-10,3450.0,3458.0,3435.0,3436.0,845
2021-11-11,3424.0,3450.0,3420.0,3430.0,406
2021-11-12,3428.0,3451.0,3426.0,3451.0,855
2021-11-15,3463.0,3467.0,3462.0,3464.0,2070
2021-11-16,3455.0,3458.0,3424.0,3425.0,1902
2021-11-17,3418.0,3489.0,3413.0,3474.0,2465
2021-11-18,3462.0,3510.0,3438.0,3509.0,503
2021-11-19,3505.0,3520.0,3458.0,3474.0,596
2021-11-22,3478.0,3542.0,3462.0,3522.0,561
2021-11-23,3544.0,3560.0,3530.0,3535.0,1775
2021-11-24,3537.0,3559.0,3511.0,3529.0,1805
2021-11-25,3528.0,3543.0,3523.0,3543.0,646
2021-11-26,3552.0,3568.0,3536.0,3542.0,1458
2021-11-29,3550.0,3570.0,3547.0,3565.0,344
2021-11-30,3559.0,3582.0,3534.0,3573.0,1913
2021-12-01,3598.0,3617.0,3535.0,3560.0,1795
2021-12-02,3559.0,3568.0,3469.0,3482.0,275
2021-12-03,3485.0,3532.0,3484.0,3501.0,447
2021-12-06,3507.0,3509.0,3474.0,3489.0,2173
2021-12-07,3492.0,3550.0,3474.0,3520.0,2717
2021-12-08,3536.0,3558.0,3533.0,3539.0,2579
2021-12-09,3533.0,3555.0,3520.0,3528.0,1787
2021-12-10,3536.0,3568.0,3520.0,3566.0,1667
2021-12-13,3568.0,3594.0,3567.0,3572.0,2463
2021-12-14,3583.0,3588.0,3559.0,3580.0,2554
2021-12-15,3578.0,3604.0,3573.0,3575.0,2738
2021-12-16,3572.0,3650.0,3570.0,3643.0,1319
2021-12-17,3651.0,3668.0,3579.0,3615.0,1532
2021-12-20,3618.0,3626.0,3596.0,3603.0,420
2021-12-21,3595.0,3607.0,3550.0,3557.0,690
2021-12-22,3571.0,3587.0,3556.0,3586.0,1257
2021-12-23,3594.0,3622.0,3556.0,3564.0,2466
2021-12-24,3563.0,3595.0,3537.0,3543.0,1449
2021-12-27,3538.0,3540.0,3510.0,3524.0,1844
2021-12-28,3528.0,3541.0,3528.0,3529.0,2623
2021-12-29,3536.0,3543.0,3471.0,3482.0,1531
2021-12-30,3466.0,3487.0,3385.0,3397.0,1137
2021-12-31,3401.0,3436.0,3398.0,3416.0,2244
2022-01-03,3423.0,3438.0,3323.0,3339.0,1082
2022-01-04,3315.0,3378.0,3304.0,3373.0,1287
2022-01-05,3375.0,3437.0,3369.0,3431.0,2686
2022-01-06,3438.0,3439.0,3410.0,3425.0,1424
2022-01-07,3431.0,3486.0,3429.0,3475.0,902
2022-01-10,3484.0,3486.0,3468.0,3475.0,2537
2022-01-11,3471.0,3549.0,3438.0,3535.0,1998
2022-01-12,3524.0,3536.0,3511.0,3519.0,2349
2022-01-13,3500.0,3508.0,3423.0,3429.0,1114
2022-01-14,3441.0,3441.0,3424.0,3427.0,2389
2022-01-17,3434.0,3501.0,3427.0,3493.0,2864
2022-01-18,3505.0,3544.0,3490.0,3514.0,657
2022-01-19,3507.0,3525.0,3488.0,3497.0,730
2022-01-20,3505.0,3530.0,3501.0,3509.0,1779
2022-01-21,3493.0,3547.0,3485.0,3546.0,2227
2022-01-24,3537.0,3547.0,3532.0,3543.0,201
2022-01-25,3545.0,3665.0,3538.0,3649.0,1740
2022-01-26,3656.0,3666.0,3611.0,3626.0,556
2022-01-27,3644.0,3665.0,3636.0,3664.0,2940
2022-01-28,3662.0,3700.0,3644.0,3692.0,2233
2022-01-31,3683.0,3690.0,3644.0,3664.0,2983
2022-02-01,3654.0,3685.0,3629.0,3645.0,810
2022-02-02,3637.0,3689.0,3635.0,3685.0,2422
2022-02-03,3710.0,3720.0,3655.0,3692.0,1269
2022-02-04,3700.0,3708.0,3698.0,3705.0,489
2022-02-07,3717.0,3757.0,3636.0,3640.0,1544
2022-02-08,3637.0,3666.0,3637.0,3666.0,1513
2022-02-09,3666.0,3695.0,3649.0,3678.0,1600
2022-02-10,3686.0,3695.0,3658.0,3677.0,2592
2022-02-11,3671.0,3695.0,3663.0,3691.0,982
2022-02-14,3687.0,3697.0,3661.0,3674.0,1987
2022-02-15,3667.0,3683.0,3635.0,3652.0,757
2022-02-16,3647.0,3668.0,3634.0,3643.0,2661
2022-02-17,3644.0,3650.0,3613.0,3623.0,1482
2022-02-18,3614.0,3717.0,3609.0,3712.0,2438
2022-02-21,3715.0,3783.0,3676.0,3748.0,953
2022-02-22,3751.0,3766.0,3708.0,3710.0,1076
2022-02-23,3708.0,3803.0,3696.0,3796.0,2952
2022-02-24,3786.0,3788.0,3774.0,3778.0,746
2022-02-25,3779.0,3790.0,3770.0,3779.0,1771
2022-02-28,3773.0,3831.0,3769.0,3816.0,1103
2022-03-01,3816.0,3820.0,3717.0,3735.0,1292
2022-03-02,3747.0,3747.0,3723.0,3724.0,2148
2022-03-03,3710.0,3711.0,3673.0,3700.0,2389
2022-03-04,3724.0,3731.0,3701.0,3709.0,1546
2022-03-07,3708.0,3740.0,3705.0,3723.0,1986
2022-03-08,3728.0,3736.0,3712.0,3719.0,322
2022-03-09,3710.0,3723.0,3680.0,3712.0,855
2022-03-10,3725.0,3764.0,3722.0,3754.0,2278
2022-03-11,3752.0,3777.0,3721.0,3764.0,2064
2022-03-14,3759.0,3781.0,3753.0,3766.0,325
2022-03-15,3760.0,3788.0,3737.0,3774.0,2695
2022-03-16,3771.0,3855.0,3770.0,3854.0,1346
2022-03-17,3858.0,3884.0,3846.0,3859.0,1050
2022-03-18,3861.0,3882.0,3820.0,3838.0,1494
2022-03-21,3838.0,3843.0,3755.0,3761.0,1305
2022-03-22,3753.0,3759.0,3685.0,3701.0,1608
2022-03-23,3693.0,3707.0,3679.0,3682.0,659
2022-03-24,3677.0,3699.0,3653.0,3675.0,589
2022-03-25,3681.0,3684.0,3652.0,3654.0,2971
2022-03-28,3661.0,3676.0,3645.0,3667.0,2293
2022-03-29,3676.0,3681.0,3637.0,3645.0,1211
2022-03-30,3645.0,3650.0,3589.0,3607.0,2578
2022-03-31,3611.0,3656.0,3583.0,3633.0,2427
2022-04-01,3631.0,3694.0,3624.0,3691.0,2154
2022-04-04,3671.0,3692.0,3623.0,3646.0,2219
2022-04-05,3644.0,3664.0,3630.0,3655.0,2862
2022-04-06,3651.0,3667.0,3548.0,3578.0,2535
2022-04-07,3567.0,3582.0,3521.0,3521.0,921
2022-04-08,3515.0,3520.0,3472.0,3499.0,2234
2022-04-11,3500.0,3572.0,3479.0,3542.0,650
2022-04-12,3530.0,3545.0,3503.0,3514.0,1607
2022-04-13,3507.0,3520.0,3482.0,3484.0,388
2022-04-14,3500.0,3525.0,3465.0,3485.0,674
2022-04-15,3469.0,3504.0,3452.0,3488.0,2220
2022-04-18,3486.0,3489.0,3459.0,3461.0,1240
2022-04-19,3449.0,3546.0,3449.0,3540.0,653
2022-04-20,3532.0,3566.0,3529.0,3531.0,2942
2022-04-21,3529.0,3552.0,3524.0,3538.0,2826
2022-04-22,3528.0,3531.0,3518.0,3523.0,841
2022-04-25,3529.0,3583.0,3527.0,3542.0,1875
2022-04-26,3557.0,3595.0,3552.0,3593.0,1022
2022-04-27,3602.0,3669.0,3598.0,3661.0,2451
2022-04-28,3672.0,3686.0,3615.0,3632.0,2126
2022-04-29,3617.0,3702.0,3600.0,3677.0,1417
2022-05-02,3675.0,3706.0,3648.0,3701.0,2806
2022-05-03,3707.0,3745.0,3692.0,3744.0,2257
2022-05-04,3754.0,3759.0,3724.0,3738.0,623
2022-05-05,3758.0,3779.0,3728.0,3734.0,1442
2022-05-06,3746.0,3780.0,3737.0,3770.0,2523
2022-05-09,3780.0,3823.0,3771.0,3811.0,1708
2022-05-10,3841.0,3889.0,3818.0,3880.0,479
2022-05-11,3881.0,3904.0,3872.0,3889.0,2366
2022-05-12,3886.0,3892.0,3874.0,3884.0,1547
2022-05-13,3886.0,3901.0,3780.0,3780.0,866
2022-05-16,3770.0,3793.0,3709.0,3717.0,2483
2022-05-17,3717.0,3730.0,3692.0,3700.0,2676
2022-05-18,3681.0,3683.0,3645.0,3658.0,1845
2022-05-19,3653.0,3715.0,3645.0,3693.0,2205
2022-05-20,3692.0,3693.0,3610.0,3640.0,875
2022-05-23,3651.0,3660.0,3617.0,3622.0,2290
2022-05-24,3634.0,3649.0,3594.0,3605.0,2731
2022-05-25,3594.0,3658.0,3586.0,3657.0,866
2022-05-26,3680.0,3691.0,3619.0,3636.0,2840
2022-05-27,3638.0,3675.0,3625.0,3655.0,452
2022-05-30,3658.0,3665.0,3648.0,3665.0,1448
2022-05-31,3647.0,3721.0,3622.0,3703.0,403
2022-06-01,3696.0,3745.0,3696.0,3742.0,1452
2022-06-02,3754.0,3766.0,3738.0,3742.0,2011
2022-06-03,3743.0,3763.0,3676.0,3677.0,2637
2022-06-06,3678.0,3686.0,3646.0,3670.0,620
2022-06-07,3673.0,3691.0,3665.0,3670.0,2684
2022-06-08,3655.0,3713.0,3623.0,3684.0,2997
2022-06-09,3683.0,3689.0,3651.0,3655.0,386
2022-06-10,3671.0,3704.0,3661.0,3702.0,2890
2022-06-13,3714.0,3740.0,3697.0,3705.0,2738
2022-06-14,3704.0,3723.0,3668.0,3669.0,281
2022-06-15,3686.0,3688.0,3621.0,3650.0,377
2022-06-16,3637.0,3761.0,3630.0,3731.0,2230
2022-06-17,3720.0,3761.0,3713.0,3758.0,1375
2022-06-20,3780.0,3841.0,3776.0,3803.0,930
2022-06-21,3810.0,3822.0,3732.0,3761.0,1331
2022-06-22,3758.0,3778.0,3734.0,3734.0,1154
2022-06-23,3734.0,3754.0,3683.0,3712.0,2930
2022-06-24,3703.0,3722.0,3689.0,3722.0,872
2022-06-27,3725.0,3732.0,3714.0,3718.0,448
2022-06-28,3720.0,3721.0,3696.0,3698.0,2525
2022-06-29,3698.0,3713.0,3661.0,3685.0,2551
2022-06-30,3672.0,3673.0,3641.0,3655.0,2702
2022-07-01,3658.0,3658.0,3635.0,3649.0,2919
2022-07-04,3643.0,3723.0,3640.0,3697.0,313
2022-07-05,3687.0,3695.0,3621.0,3637.0,2353
2022-07-06,3651.0,3687.0,3638.0,3653.0,956
2022-07-07,3677.0,3742.0,3662.0,3710.0,1380
2022-07-08,3732.0,3750.0,3701.0,3705.0,1456
2022-07-11,3712.0,3717.0,3663.0,3684.0,2959
2022-07-12,3681.0,3746.0,3673.0,3724.0,1661
2022-07-13,3723.0,3725.0,3665.0,3686.0,823
2022-07-14,3690.0,3712.0,3680.0,3686.0,445
2022-07-15,3682.0,3685.0,3625.0,3647.0,1849
2022-07-18,3662.0,3679.0,3552.0,3576.0,2524
2022-07-19,3554.0,3592.0,3537.0,3572.0,2189
2022-07-20,3569.0,3597.0,3522.0,3524.0,2815
2022-07-21,3533.0,3538.0,3522.0,3527.0,317
2022-07-22,3518.0,3575.0,3509.0,3573.0,1328
2022-07-25,3570.0,3649.0,3568.0,3648.0,1912
2022-07-26,3654.0,3658.0,3646.0,3654.0,2600
2022-07-27,3670.0,3711.0,3665.0,3699.0,1075
2022-07-28,3685.0,3720.0,3681.0,3715.0,2093
2022-07-29,3700.0,3708.0,3690.0,3703.0,782
2022-08-01,3692.0,3713.0,3622.0,3624.0,1856
2022-08-02,3607.0,3706.0,3598.0,3692.0,2370
2022-08-03,3675.0,3693.0,3635.0,3653.0,2493
2022-08-04,3642.0,3726.0,3631.0,3712.0,1465
2022-08-05,3725.0,3743.0,3700.0,3736.0,1524
2022-08-08,3732.0,3742.0,3681.0,3697.0,2669
2022-08-09,3697.0,3714.0,3692.0,3712.0,1733
2022-08-10,3701.0,3810.0,3691.0,3801.0,1180
2022-08-11,3808.0,3867.0,3804.0,3867.0,969
2022-08-12,3888.0,3896.0,3830.0,3846.0,2192
2022-08-15,3836.0,3849.0,3783.0,3818.0,2194
2022-08-16,3837.0,3868.0,3817.0,3822.0,1705
2022-08-17,3826.0,3856.0,3804.0,3816.0,645
2022-08-18,3816.0,3875.0,3799.0,3866.0,652
2022-08-19,3871.0,3905.0,3864.0,3899.0,880
2022-08-22,3904.0,3914.0,3824.0,3829.0,233
2022-08-23,3851.0,3862.0,3828.0,3850.0,1543
2022-08-24,3856.0,3874.0,3844.0,3845.0,1361
2022-08-25,3852.0,3853.0,3839.0,3848.0,1278
2022-08-26,3843.0,3879.0,3837.0,3860.0,2817
2022-08-29,3870.0,3930.0,3860.0,3913.0,870
2022-08-30,3902.0,3958.0,3896.0,3956.0,2464
2022-08-31,3958.0,3983.0,3923.0,3924.0,737
2022-09-01,3958.0,3986.0,3921.0,3925.0,1912
2022-09-02,3896.0,3923.0,3878.0,3906.0,2610
2022-09-05,3909.0,3938.0,3834.0,3834.0,2545
2022-09-06,3838.0,3864.0,3819.0,3831.0,1854
2022-09-07,3829.0,3916.0,3813.0,3911.0,780
2022-09-08,3909.0,3922.0,3826.0,3837.0,1256
2022-09-09,3838.0,3879.0,3827.0,3838.0,1389
2022-09-12,3835.0,3842.0,3809.0,3836.0,2568
2022-09-13,3839.0,3875.0,3834.0,3848.0,1256
2022-09-14,3842.0,3855.0,3801.0,3809.0,2510
2022-09-15,3832.0,3836.0,3746.0,3752.0,2864
2022-09-16,3749.0,3757.0,3671.0,3694.0,510
2022-09-19,3700.0,3758.0,3678.0,3752.0,2819
2022-09-20,3744.0,3764.0,3704.0,3713.0,1788
2022-09-21,3724.0,3747.0,3673.0,3694.0,1882
2022-09-22,3702.0,3803.0,3686.0,3783.0,1055
2022-09-23,3788.0,3810.0,3752.0,3753.0,1134
2022-09-26,3742.0,3779.0,3736.0,3768.0,1714
2022-09-27,3760.0,3816.0,3746.0,3812.0,757
2022-09-28,3832.0,3883.0,3831.0,3856.0,2210
2022-09-29,3848.0,3869.0,3789.0,3801.0,2067
2022-09-30,3809.0,3823.0,3758.0,3772.0,223
2022-10-03,3761.0,3785.0,3751.0,3784.0,790
2022-10-04,3795.0,3875.0,3774.0,3866.0,1637
2022-10-05,3858.0,3895.0,3830.0,3834.0,2278
2022-10-06,3823.0,3827.0,3801.0,3811.0,1016
2022-10-07,3803.0,3839.0,3792.0,3827.0,2682
2022-10-10,3821.0,3855.0,3793.0,3855.0,1695
2022-10-11,3859.0,3899.0,3857.0,3880.0,1709
2022-10-12,3881.0,3900.0,3841.0,3844.0,507
2022-10-13,3832.0,3846.0,3820.0,3821.0,1959
2022-10-14,3821.0,3845.0,3808.0,3832.0,2489
2022-10-17,3819.0,3900.0,3808.0,3885.0,791
2022-10-18,3892.0,3893.0,3867.0,3875.0,1722
2022-10-19,3885.0,3895.0,3864.0,3874.0,217
2022-10-20,3873.0,3886.0,3807.0,3830.0,790
2022-10-21,3833.0,3923.0,3818.0,3910.0,398
2022-10-24,3931.0,3939.0,3891.0,3916.0,2355
2022-10-25,3914.0,3973.0,3911.0,3964.0,2987
2022-10-26,3953.0,3974.0,3928.0,3963.0,305
2022-10-27,3970.0,3983.0,3950.0,3967.0,2166
2022-10-28,3953.0,3967.0,3883.0,3903.0,1859
2022-10-31,3900.0,3917.0,3796.0,3812.0,2165
2022-11-01,3805.0,3869.0,3788.0,3867.0,1604
2022-11-02,3859.0,3892.0,3837.0,3869.0,2975
2022-11-03,3866.0,3889.0,3850.0,3876.0,311
2022-11-04,3886.0,3893.0,3816.0,3821.0,617
2022-11-07,3834.0,3856.0,3774.0,3784.0,899
2022-11-08,3795.0,3868.0,3783.0,3829.0,2390
2022-11-09,3833.0,3918.0,3824.0,3904.0,415
2022-11-10,3900.0,3914.0,3858.0,3875.0,546
2022-11-11,3848.0,3924.0,3822.0,3904.0,2250
2022-11-14,3909.0,3920.0,3901.0,3910.0,1371
2022-11-15,3884.0,3919.0,3883.0,3906.0,2176
2022-11-16,3884.0,4002.0,3882.0,3990.0,1226
2022-11-17,3988.0,4003.0,3952.0,3970.0,450
2022-11-18,3973.0,4058.0,3958.0,4024.0,1872
2022-11-21,4019.0,4062.0,4000.0,4040.0,505
2022-11-22,4058.0,4078.0,4015.0,4035.0,1540
2022-11-23,4041.0,4100.0,4022.0,4095.0,2664
2022-11-24,4092.0,4113.0,4064.0,4105.0,712
2022-11-25,4123.0,4123.0,4096.0,4098.0,762
2022-11-28,4117.0,4170.0,4091.0,4162.0,2855
2022-11-29,4169.0,4240.0,4157.0,4219.0,1050
2022-11-30,4209.0,4287.0,4202.0,4274.0,1243
2022-12-01,4267.0,4292.0,4076.0,4093.0,2115
2022-12-02,4075.0,4115.0,4063.0,4111.0,558
2022-12-05,4111.0,4123.0,4089.0,4121.0,370
2022-12-06,4108.0,4129.0,4101.0,4119.0,2561
2022-12-07,4114.0,4160.0,4100.0,4146.0,2853
2022-12-08,4149.0,4174.0,4148.0,4156.0,2963
2022-12-09,4132.0,4197.0,4127.0,4185.0,264
2022-12-12,4169.0,4182.0,4156.0,4169.0,1683
2022-12-13,4163.0,4249.0,4158.0,4234.0,2577
2022-12-14,4233.0,4282.0,4230.0,4268.0,2565
2022-12-15,4262.0,4296.0,4238.0,4292.0,1210
2022-12-16,4288.0,4325.0,4272.0,4311.0,1572
2022-12-19,4302.0,4368.0,4295.0,4365.0,620
2022-12-20,4346.0,4415.0,4335.0,4412.0,589
2022-12-21,4405.0,4415.0,4380.0,4401.0,1256
2022-12-22,4398.0,4451.0,4394.0,4446.0,844
2022-12-23,4441.0,4458.0,4437.0,4453.0,2923
2022-12-26,4454.0,4566.0,4439.0,4546.0,424
2022-12-27,4552.0,4604.0,4540.0,4597.0,1681
2022-12-28,4606.0,4616.0,4557.0,4563.0,1758
2022-12-29,4554.0,4693.0,4551.0,4680.0,365
2022-12-30,4658.0,4672.0,4535.0,4571.0,1433
2023-01-02,4589.0,4618.0,4575.0,4601.0,2836
2023-01-03,4606.0,4631.0,4549.0,4563.0,506
2023-01-04,4550.0,4663.0,4548.0,4655.0,601
2023-01-05,4659.0,4671.0,4650.0,4666.0,662
2023-01-06,4681.0,4705.0,4601.0,4624.0,353
2023-01-09,4648.0,4653.0,4604.0,4609.0,2677
2023-01-10,4613.0,4617.0,4560.0,4571.0,327
2023-01-11,4586.0,4619.0,4550.0,4555.0,986
2023-01-12,4538.0,4546.0,4525.0,4537.0,2513
2023-01-13,4536.0,4568.0,4476.0,4498.0,2986
2023-01-16,4494.0,4548.0,4481.0,4511.0,628
2023-01-17,4516.0,4531.0,4508.0,4528.0,1208
2023-01-18,4550.0,4552.0,4454.0,4474.0,701
2023-01-19,4477.0,4481.0,4379.0,4393.0,738
2023-01-20,4381.0,4418.0,4380.0,4407.0,2843
2023-01-23,4390.0,4446.0,4383.0,4428.0,1145
2023-01-24,4450.0,4489.0,4437.0,4461.0,1912
2023-01-25,4468.0,4511.0,4459.0,4487.0,638
2023-01-26,4493.0,4586.0,4480.0,4563.0,999
2023-01-27,4559.0,4612.0,4548.0,4611.0,1210
2023-01-30,4615.0,4751.0,4608.0,4749.0,1842
2023-01-31,4735.0,4970.0,4700.0,4909.0,2720
2023-02-01,4914.0,4939.0,4796.0,4810.0,880
2023-02-02,4793.0,4803.0,4666.0,4693.0,2006
2023-02-03,4688.0,4713.0,4672.0,4691.0,1583
2023-02-06,4682.0,4729.0,4642.0,4716.0,2426
2023-02-07,4670.0,4712.0,4642.0,4711.0,1136
2023-02-08,4706.0,4783.0,4704.0,4746.0,1386
2023-02-09,4733.0,4752.0,4703.0,4730.0,1943
2023-02-10,4727.0,4735.0,4674.0,4692.0,1440
2023-02-13,4692.0,4733.0,4631.0,4662.0,2324
2023-02-14,4687.0,4707.0,4643.0,4650.0,238
2023-02-15,4654.0,4719.0,4629.0,4692.0,1175
2023-02-16,4696.0,4704.0,4657.0,4666.0,688
2023-02-17,4673.0,4687.0,4645.0,4650.0,602
2023-02-20,4662.0,4685.0,4654.0,4678.0,349
2023-02-21,4684.0,4699.0,4655.0,4665.0,1196
2023-02-22,4669.0,4722.0,4657.0,4721.0,809
2023-02-23,4731.0,4732.0,4651.0,4673.0,2322
2023-02-24,4639.0,4640.0,4602.0,4614.0,1605
2023-02-27,4643.0,4686.0,4631.0,4632.0,2403
2023-02-28,4654.0,4682.0,4639.0,4651.0,2679
2023-03-01,4654.0,4661.0,4603.0,4606.0,2399
2023-03-02,4587.0,4691.0,4572.0,4675.0,1378
2023-03-03,4692.0,4779.0,4684.0,4774.0,2928
2023-03-06,4764.0,4791.0,4736.0,4744.0,1278
2023-03-07,4752.0,4822.0,4746.0,4821.0,2509
2023-03-08,4803.0,4828.0,4696.0,4696.0,683
2023-03-09,4727.0,4764.0,4718.0,4749.0,2912
2023-03-10,4729.0,4761.0,4701.0,4703.0,1049
2023-03-13,4704.0,4783.0,4693.0,4754.0,1955
2023-03-14,4724.0,4735.0,4701.0,4705.0,1190
2023-03-15,4704.0,4734.0,4684.0,4701.0,842
2023-03-16,4695.0,4701.0,4651.0,4661.0,1122
2023-03-17,4677.0,4684.0,4645.0,4650.0,1902
2023-03-20,4644.0,4744.0,4640.0,4744.0,512
2023-03-21,4760.0,4771.0,4738.0,4743.0,753
2023-03-22,4728.0,4861.0,4698.0,4854.0,2775
2023-03-23,4850.0,4862.0,4823.0,4831.0,438
2023-03-24,4827.0,4931.0,4826.0,4909.0,2222
2023-03-27,4916.0,4943.0,4805.0,4819.0,1043
2023-03-28,4824.0,4841.0,4789.0,4804.0,1094
2023-03-29,4814.0,4820.0,4769.0,4774.0,1215
2023-03-30,4778.0,4861.0,4749.0,4854.0,1271
2023-03-31,4864.0,4872.0,4859.0,4863.0,2184
2023-04-03,4850.0,4895.0,4749.0,4752.0,2452
2023-04-04,4758.0,4775.0,4667.0,4682.0,1216
2023-04-05,4705.0,4721.0,4626.0,4628.0,680
2023-04-06,4605.0,4677.0,4604.0,4676.0,208
2023-04-07,4683.0,4727.0,4682.0,4718.0,2228
2023-04-10,4728.0,4754.0,4680.0,4703.0,2767
2023-04-11,4724.0,4736.0,4649.0,4673.0,295
2023-04-12,4683.0,4727.0,4646.0,4711.0,1850
2023-04-13,4713.0,4721.0,4651.0,4652.0,811
2023-04-14,4658.0,4691.0,4647.0,4675.0,790
2023-04-17,4665.0,4733.0,4662.0,4693.0,2519
2023-04-18,4688.0,4705.0,4649.0,4682.0,906
2023-04-19,4663.0,4711.0,4643.0,4704.0,1050
2023-04-20,4725.0,4761.0,4701.0,4711.0,547
2023-04-21,4717.0,4773.0,4698.0,4739.0,2731
2023-04-24,4726.0,4731.0,4650.0,4676.0,2738
2023-04-25,4679.0,4715.0,4663.0,4706.0,2756
2023-04-26,4722.0,4769.0,4719.0,4759.0,844
2023-04-27,4773.0,4806.0,4764.0,4775.0,725
2023-04-28,4762.0,4808.0,4754.0,4807.0,2833
2023-05-01,4762.0,4808.0,4743.0,4800.0,1916
2023-05-02,4806.0,4873.0,4775.0,4848.0,940
2023-05-03,4835.0,4858.0,4825.0,4850.0,330
2023-05-04,4859.0,4873.0,4763.0,4791.0,2437
2023-05-05,4804.0,4850.0,4798.0,4835.0,2446
2023-05-08,4851.0,4857.0,4729.0,4751.0,229
2023-05-09,4776.0,4786.0,4759.0,4768.0,1539
2023-05-10,4785.0,4810.0,4742.0,4749.0,1553
2023-05-11,4774.0,4776.0,4722.0,4727.0,1499
2023-05-12,4746.0,4772.0,4714.0,4740.0,1233
2023-05-15,4761.0,4775.0,4687.0,4705.0,1119
2023-05-16,4704.0,4731.0,4701.0,4729.0,1136
2023-05-17,4711.0,4741.0,4674.0,4731.0,2776
2023-05-18,4767.0,4782.0,4684.0,4697.0,2978
2023-05-19,4698.0,4787.0,4688.0,4768.0,513
2023-05-22,4785.0,4792.0,4765.0,4779.0,2218
2023-05-23,4771.0,4848.0,4768.0,4812.0,1805
2023-05-24,4826.0,4904.0,4822.0,4892.0,916
2023-05-25,4857.0,4995.0,4824.0,4970.0,720
2023-05-26,4964.0,5023.0,4948.0,5004.0,2306
2023-05-29,5003.0,5019.0,4986.0,4986.0,1220
2023-05-30,4993.0,5010.0,4900.0,4907.0,562
2023-05-31,4923.0,4937.0,4905.0,4919.0,2913
2023-06-01,4903.0,4992.0,4888.0,4980.0,2792
2023-06-02,4990.0,5010.0,4964.0,4996.0,1372
2023-06-05,5015.0,5028.0,4808.0,4811.0,1393
2023-06-06,4845.0,4862.0,4815.0,4858.0,1377
2023-06-07,4868.0,4909.0,4851.0,4908.0,733
2023-06-08,4901.0,4908.0,4863.0,4891.0,495
2023-06-09,4872.0,4975.0,4855.0,4944.0,963
2023-06-12,4971.0,5003.0,4921.0,4978.0,1283
2023-06-13,4989.0,4994.0,4923.0,4941.0,634
2023-06-14,4941.0,5031.0,4920.0,5013.0,299
2023-06-15,4988.0,4989.0,4939.0,4946.0,2805
2023-06-16,4932.0,4998.0,4918.0,4943.0,2657
2023-06-19,4952.0,4971.0,4934.0,4935.0,1056
2023-06-20,4940.0,4949.0,4871.0,4892.0,1920
2023-06-21,4864.0,4936.0,4809.0,4910.0,599
2023-06-22,4920.0,5003.0,4871.0,4982.0,2794
2023-06-23,4959.0,5067.0,4957.0,5053.0,2476
2023-06-26,5074.0,5118.0,5014.0,5096.0,692
2023-06-27,5099.0,5100.0,4999.0,5005.0,797
2023-06-28,4998.0,5031.0,4922.0,4935.0,1131
2023-06-29,4950.0,4975.0,4929.0,4943.0,463
2023-06-30,4948.0,4965.0,4928.0,4942.0,1171
2023-07-03,4962.0,4968.0,4915.0,4915.0,2071
2023-07-04,4916.0,5050.0,4893.0,5019.0,2233
2023-07-05,5021.0,5055.0,5019.0,5024.0,220
2023-07-06,5020.0,5056.0,4990.0,5051.0,1185
2023-07-07,5055.0,5134.0,5033.0,5107.0,2530
2023-07-10,5133.0,5135.0,5103.0,5108.0,2637
2023-07-11,5100.0,5294.0,5068.0,5255.0,1775
2023-07-12,5265.0,5321.0,5194.0,5199.0,2258
2023-07-13,5185.0,5188.0,5150.0,5161.0,891
2023-07-14,5129.0,5150.0,5106.0,5107.0,2631
2023-07-17,5111.0,5219.0,5098.0,5195.0,1526
2023-07-18,5201.0,5284.0,5183.0,5241.0,2136
2023-07-19,5240.0,5244.0,5202.0,5213.0,934
2023-07-20,5189.0,5192.0,5157.0,5163.0,684
2023-07-21,5167.0,5246.0,5157.0,5241.0,1691
2023-07-24,5246.0,5282.0,5199.0,5259.0,1662
2023-07-25,5245.0,5352.0,5213.0,5337.0,1800
2023-07-26,5315.0,5373.0,5305.0,5335.0,2462
2023-07-27,5331.0,5364.0,5292.0,5361.0,2360
2023-07-28,5372.0,5393.0,5347.0,5375.0,1045
2023-07-31,5382.0,5392.0,5315.0,5336.0,1505
2023-08-01,5322.0,5349.0,5298.0,5326.0,438
2023-08-02,5328.0,5370.0,5222.0,5253.0,2402
2023-08-03,5267.0,5285.0,5252.0,5279.0,579
2023-08-04,5261.0,5377.0,5255.0,5324.0,393
2023-08-07,5325.0,5422.0,5324.0,5378.0,1656
2023-08-08,5400.0,5425.0,5393.0,5413.0,2779
2023-08-09,5392.0,5433.0,5364.0,5404.0,1253
2023-08-10,5423.0,5524.0,5420.0,5495.0,719
2023-08-11,5522.0,5548.0,5512.0,5545.0,716
2023-08-14,5542.0,5645.0,5532.0,5624.0,2542
2023-08-15,5618.0,5750.0,5611.0,5709.0,2049
2023-08-16,5727.0,5756.0,5673.0,5698.0,1584
2023-08-17,5694.0,5734.0,5684.0,5721.0,2796
2023-08-18,5680.0,5771.0,5678.0,5763.0,493
2023-08-21,5761.0,5764.0,5677.0,5686.0,1925
2023-08-22,5694.0,5695.0,5586.0,5613.0,1207
2023-08-23,5626.0,5631.0,5519.0,5525.0,853
2023-08-24,5510.0,5523.0,5500.0,5516.0,2771
2023-08-25,5512.0,5536.0,5467.0,5490.0,2879
2023-08-28,5506.0,5516.0,5394.0,5400.0,2537
2023-08-29,5399.0,5409.0,5397.0,5406.0,615
2023-08-30,5381.0,5416.0,5379.0,5398.0,2222
2023-08-31,5418.0,5476.0,5413.0,5466.0,1203
2023-09-01,5462.0,5586.0,5451.0,5580.0,1263
2023-09-04,5599.0,5618.0,5593.0,5602.0,742
2023-09-05,5579.0,5600.0,5551.0,5555.0,1848
2023-09-06,5553.0,5600.0,5535.0,5591.0,2600
2023-09-07,5599.0,5625.0,5574.0,5588.0,849
2023-09-08,5586.0,5601.0,5552.0,5571.0,1705
2023-09-11,5551.0,5569.0,5506.0,5515.0,2013
2023-09-12,5476.0,5508.0,5446.0,5483.0,1965
2023-09-13,5508.0,5511.0,5439.0,5464.0,930
2023-09-14,5468.0,5512.0,5447.0,5507.0,280
2023-09-15,5527.0,5550.0,5526.0,5535.0,2521
2023-09-18,5550.0,5655.0,5539.0,5640.0,1870
2023-09-19,5650.0,5706.0,5650.0,5678.0,2172
2023-09-20,5672.0,5732.0,5616.0,5700.0,1689
2023-09-21,5709.0,5718.0,5667.0,5676.0,1281
2023-09-22,5700.0,5739.0,5570.0,5600.0,904
2023-09-25,5601.0,5631.0,5539.0,5557.0,2046
2023-09-26,5588.0,5596.0,5466.0,5513.0,2528
2023-09-27,5488.0,5492.0,5308.0,5353.0,1110
2023-09-28,5328.0,5370.0,5258.0,5286.0,267
2023-09-29,5301.0,5392.0,5279.0,5378.0,635
2023-10-02,5364.0,5436.0,5348.0,5394.0,1821
2023-10-03,5427.0,5434.0,5359.0,5369.0,858
2023-10-04,5391.0,5415.0,5387.0,5389.0,2479
2023-10-05,5414.0,5426.0,5258.0,5270.0,960
2023-10-06,5284.0,5303.0,5255.0,5283.0,1582
2023-10-09,5268.0,5371.0,5267.0,5354.0,834
2023-10-10,5328.0,5352.0,5294.0,5347.0,1472
2023-10-11,5371.0,5379.0,5214.0,5240.0,2099
2023-10-12,5217.0,5243.0,5204.0,5208.0,2428
2023-10-13,5233.0,5303.0,5210.0,5278.0,2271
2023-10-16,5288.0,5300.0,5276.0,5290.0,1620
2023-10-17,5289.0,5307.0,5155.0,5205.0,1479
2023-10-18,5212.0,5362.0,5205.0,5336.0,1111
2023-10-19,5343.0,5381.0,5259.0,5259.0,2965
2023-10-20,5256.0,5261.0,5226.0,5241.0,2253
2023-10-23,5263.0,5282.0,5174.0,5180.0,2694
2023-10-24,5202.0,5220.0,5098.0,5114.0,2271
2023-10-25,5117.0,5120.0,5023.0,5082.0,443
2023-10-26,5073.0,5122.0,5072.0,5112.0,942
2023-10-27,5132.0,5179.0,5130.0,5179.0,1489
2023-10-30,5147.0,5164.0,5144.0,5149.0,1081
2023-10-31,5156.0,5177.0,5064.0,5082.0,2743
2023-11-01,5093.0,5127.0,5075.0,5103.0,1577
2023-11-02,5090.0,5157.0,5080.0,5126.0,816
2023-11-03,5141.0,5157.0,5130.0,5134.0,1874
2023-11-06,5133.0,5155.0,5133.0,5148.0,1259
2023-11-07,5139.0,5143.0,5125.0,5135.0,558
2023-11-08,5150.0,5153.0,5108.0,5137.0,2851
2023-11-09,5120.0,5151.0,5116.0,5121.0,2847
2023-11-10,5135.0,5179.0,5117.0,5177.0,2372
2023-11-13,5147.0,5308.0,5144.0,5300.0,1079
2023-11-14,5305.0,5313.0,5294.0,5307.0,2530
2023-11-15,5308.0,5319.0,5298.0,5301.0,1006
2023-11-16,5292.0,5324.0,5286.0,5310.0,2662
2023-11-17,5316.0,5327.0,5254.0,5266.0,2675
2023-11-20,5265.0,5339.0,5263.0,5304.0,679
2023-11-21,5321.0,5339.0,5304.0,5324.0,1081
2023-11-22,5333.0,5340.0,5292.0,5297.0,2157
2023-11-23,5304.0,5363.0,5272.0,5342.0,855
2023-11-24,5347.0,5381.0,5333.0,5337.0,2447
2023-11-27,5330.0,5359.0,5276.0,5276.0,2101
2023-11-28,5271.0,5320.0,5233.0,5292.0,834
2023-11-29,5296.0,5347.0,5268.0,5300.0,2372
2023-11-30,5297.0,5366.0,5275.0,5345.0,321
2023-12-01,5362.0,5397.0,5358.0,5388.0,1275
2023-12-04,5389.0,5417.0,5365.0,5370.0,699
2023-12-05,5376.0,5389.0,5333.0,5338.0,200
2023-12-06,5316.0,5341.0,5312.0,5332.0,2275
2023-12-07,5347.0,5350.0,5340.0,5349.0,627
2023-12-08,5340.0,5398.0,5300.0,5369.0,2144
2023-12-11,5352.0,5395.0,5343.0,5377.0,411
2023-12-12,5404.0,5424.0,5358.0,5365.0,2696
2023-12-13,5376.0,5422.0,5322.0,5417.0,2937
2023-12-14,5433.0,5449.0,5352.0,5370.0,1087
2023-12-15,5377.0,5527.0,5352.0,5511.0,1561
2023-12-18,5510.0,5571.0,5487.0,5556.0,1940
2023-12-19,5552.0,5582.0,5471.0,5482.0,1851
2023-12-20,5495.0,5522.0,5479.0,5489.0,275
2023-12-21,5508.0,5538.0,5507.0,5531.0,2941
2023-12-22,5529.0,5531.0,5495.0,5505.0,2818
2023-12-25,5539.0,5578.0,5402.0,5408.0,1562
2023-12-26,5405.0,5405.0,5297.0,5336.0,1752
2023-12-27,5314.0,5382.0,5300.0,5362.0,675
2023-12-28,5334.0,5376.0,5198.0,5254.0,2295
2023-12-29,5228.0,5245.0,5138.0,5163.0,1640
2024-01-01,5157.0,5208.0,5140.0,5188.0,994
2024-01-02,5184.0,5210.0,5146.0,5168.0,1059
2024-01-03,5178.0,5184.0,5107.0,5126.0,429
2024-01-04,5125.0,5140.0,5081.0,5093.0,2408
2024-01-05,5106.0,5115.0,4964.0,5006.0,375
2024-01-08,5007.0,5073.0,4979.0,5028.0,1777
2024-01-09,5028.0,5037.0,4971.0,4978.0,2481
2024-01-10,4969.0,4976.0,4941.0,4944.0,346
2024-01-11,4965.0,4988.0,4945.0,4955.0,625
2024-01-12,4932.0,4956.0,4911.0,4932.0,2334
2024-01-15,4937.0,4937.0,4872.0,4890.0,2507
2024-01-16,4887.0,4916.0,4771.0,4780.0,427
2024-01-17,4791.0,4797.0,4778.0,4797.0,942
2024-01-18,4796.0,4818.0,4786.0,4799.0,1897
2024-01-19,4799.0,4807.0,4737.0,4770.0,1715
2024-01-22,4766.0,4766.0,4701.0,4710.0,1646
2024-01-23,4730.0,4747.0,4674.0,4707.0,933
2024-01-24,4707.0,4738.0,4701.0,4729.0,1709
2024-01-25,4757.0,4771.0,4721.0,4734.0,340
2024-01-26,4738.0,4832.0,4724.0,4819.0,2643
2024-01-29,4819.0,4873.0,4805.0,4854.0,1718
2024-01-30,4852.0,4861.0,4833.0,4844.0,1243
2024-01-31,4852.0,4895.0,4848.0,4878.0,1227
2024-02-01,4869.0,4891.0,4843.0,4879.0,1235
2024-02-02,4881.0,4885.0,4874.0,4876.0,1418
2024-02-05,4876.0,4966.0,4819.0,4942.0,739
2024-02-06,4947.0,4985.0,4873.0,4890.0,1884
2024-02-07,4895.0,4909.0,4882.0,4891.0,714
2024-02-08,4897.0,4960.0,4892.0,4952.0,1078
2024-02-09,4953.0,4975.0,4946.0,4960.0,2638
2024-02-12,4984.0,4993.0,4910.0,4938.0,1778
2024-02-13,4944.0,4945.0,4840.0,4842.0,2728
2024-02-14,4880.0,4880.0,4710.0,4720.0,2041
2024-02-15,4720.0,4846.0,4713.0,4826.0,2393
2024-02-16,4840.0,4856.0,4828.0,4839.0,450
2024-02-19,4829.0,4829.0,4787.0,4806.0,1612
2024-02-20,4827.0,4855.0,4800.0,4819.0,1180
2024-02-21,4809.0,4827.0,4754.0,4766.0,247
2024-02-22,4772.0,4784.0,4744.0,4747.0,451
2024-02-23,4743.0,4767.0,4689.0,4694.0,731
2024-02-26,4701.0,4749.0,4611.0,4617.0,219
2024-02-27,4614.0,4649.0,4488.0,4510.0,1424
2024-02-28,4499.0,4523.0,4426.0,4431.0,343
2024-02-29,4428.0,4488.0,4426.0,4479.0,2508
2024-03-01,4500.0,4508.0,4421.0,4426.0,1858
2024-03-04,4432.0,4471.0,4419.0,4451.0,2896
2024-03-05,4434.0,4500.0,4430.0,4494.0,436
2024-03-06,4509.0,4548.0,4462.0,4494.0,423
2024-03-07,4482.0,4488.0,4457.0,4477.0,2631
2024-03-08,4487.0,4490.0,4478.0,4480.0,1297
2024-03-11,4487.0,4524.0,4445.0,4457.0,2326
2024-03-12,4466.0,4516.0,4458.0,4515.0,731
2024-03-13,4541.0,4627.0,4508.0,4607.0,224
2024-03-14,4596.0,4692.0,4554.0,4680.0,1593
2024-03-15,4689.0,4693.0,4551.0,4568.0,1805
2024-03-18,4585.0,4621.0,4536.0,4546.0,511
2024-03-19,4537.0,4549.0,4513.0,4545.0,228
2024-03-20,4534.0,4573.0,4529.0,4565.0,793
2024-03-21,4561.0,4565.0,4457.0,4476.0,505
2024-03-22,4481.0,4510.0,4374.0,4387.0,2989
2024-03-25,4369.0,4454.0,4345.0,4450.0,2967
2024-03-26,4457.0,4471.0,4398.0,4421.0,244
2024-03-27,4402.0,4413.0,4308.0,4344.0,1479
2024-03-28,4361.0,4366.0,4259.0,4291.0,1276
2024-03-29,4297.0,4333.0,4261.0,4308.0,276
2024-04-01,4332.0,4344.0,4265.0,4271.0,2066
2024-04-02,4280.0,4287.0,4274.0,4280.0,2580
2024-04-03,4276.0,4290.0,4226.0,4232.0,1911
2024-04-04,4222.0,4226.0,4138.0,4153.0,2768
2024-04-05,4156.0,4250.0,4146.0,4222.0,1984
2024-04-08,4221.0,4249.0,4203.0,4240.0,1735
2024-04-09,4255.0,4255.0,4219.0,4224.0,2854
2024-04-10,4212.0,4235.0,4188.0,4201.0,2176
2024-04-11,4226.0,4267.0,4206.0,4266.0,2340
2024-04-12,4283.0,4292.0,4272.0,4292.0,2384
2024-04-15,4289.0,4353.0,4287.0,4346.0,288
2024-04-16,4370.0,4380.0,4304.0,4321.0,2257
2024-04-17,4311.0,4334.0,4289.0,4323.0,2295
2024-04-18,4326.0,4345.0,4322.0,4343.0,1584
2024-04-19,4327.0,4343.0,4313.0,4320.0,1780
2024-04-22,4344.0,4348.0,4302.0,4319.0,2531
2024-04-23,4298.0,4332.0,4274.0,4292.0,597
2024-04-24,4273.0,4329.0,4252.0,4311.0,1676
2024-04-25,4303.0,4308.0,4220.0,4252.0,2357
2024-04-26,4269.0,4304.0,4239.0,4277.0,926
2024-04-29,4290.0,4308.0,4278.0,4294.0,938
2024-04-30,4296.0,4339.0,4273.0,4283.0,211
2024-05-01,4297.0,4314.0,4295.0,4306.0,1074
2024-05-02,4304.0,4339.0,4288.0,4289.0,1204
2024-05-03,4295.0,4329.0,4254.0,4257.0,2866
2024-05-06,4278.0,4312.0,4261.0,4282.0,431
2024-05-07,4279.0,4337.0,4270.0,4311.0,2009
2024-05-08,4302.0,4306.0,4285.0,4290.0,377
2024-05-09,4296.0,4306.0,4241.0,4263.0,2438
2024-05-10,4272.0,4281.0,4238.0,4256.0,1513
2024-05-13,4257.0,4274.0,4210.0,4232.0,1392
2024-05-14,4245.0,4313.0,4236.0,4304.0,2842
2024-05-15,4301.0,4338.0,4293.0,4321.0,2297
2024-05-16,4323.0,4328.0,4311.0,4325.0,495
2024-05-17,4330.0,4353.0,4269.0,4286.0,945
2024-05-20,4290.0,4329.0,4288.0,4322.0,966
2024-05-21,4343.0,4349.0,4289.0,4294.0,1907
2024-05-22,4299.0,4308.0,4266.0,4266.0,2524
2024-05-23,4262.0,4330.0,4238.0,4306.0,1985
2024-05-24,4312.0,4340.0,4289.0,4325.0,1325
2024-05-27,4338.0,4346.0,4181.0,4209.0,2290
2024-05-28,4219.0,4232.0,4188.0,4205.0,2324
2024-05-29,4214.0,4220.0,4211.0,4211.0,425
2024-05-30,4192.0,4206.0,4172.0,4197.0,1718
2024-05-31,4165.0,4207.0,4160.0,4206.0,2190
2024-06-03,4222.0,4236.0,4123.0,4128.0,1891
2024-06-04,4133.0,4158.0,3993.0,4002.0,885
2024-06-05,4002.0,4013.0,3944.0,3959.0,651
2024-06-06,3967.0,3978.0,3956.0,3971.0,1014
2024-06-07,3994.0,3996.0,3833.0,3834.0,1186
2024-06-10,3850.0,3859.0,3789.0,3799.0,2780
2024-06-11,3810.0,3819.0,3707.0,3722.0,1940
2024-06-12,3712.0,3729.0,3700.0,3714.0,2540
2024-06-13,3705.0,3817.0,3694.0,3796.0,274
2024-06-14,3769.0,3804.0,3755.0,3789.0,2394
2024-06-17,3796.0,3798.0,3754.0,3786.0,727
2024-06-18,3799.0,3833.0,3788.0,3826.0,1784
2024-06-19,3840.0,3884.0,3818.0,3831.0,1282
2024-06-20,3839.0,3854.0,3824.0,3824.0,2618
2024-06-21,3823.0,3880.0,3815.0,3866.0,2088
2024-06-24,3859.0,3893.0,3859.0,3888.0,1488
2024-06-25,3879.0,3905.0,3878.0,3904.0,1626
2024-06-26,3902.0,3905.0,3891.0,3901.0,2179
2024-06-27,3890.0,3898.0,3863.0,3888.0,2212
2024-06-28,3908.0,3936.0,3907.0,3930.0,1805
2024-07-01,3914.0,3920.0,3913.0,3915.0,2235
2024-07-02,3913.0,4014.0,3892.0,3972.0,2409
2024-07-03,3949.0,3966.0,3908.0,3930.0,286
2024-07-04,3933.0,4002.0,3927.0,3994.0,1227
2024-07-05,3994.0,4029.0,3994.0,4019.0,2724
2024-07-08,4015.0,4045.0,3977.0,3978.0,1099
2024-07-09,3966.0,4018.0,3958.0,4002.0,2507
2024-07-10,4002.0,4005.0,3966.0,3975.0,1737
2024-07-11,3969.0,4009.0,3962.0,3978.0,958
2024-07-12,3977.0,3986.0,3954.0,3959.0,1180
2024-07-15,3982.0,3995.0,3935.0,3955.0,1556
2024-07-16,3957.0,4015.0,3922.0,3999.0,549
2024-07-17,4005.0,4048.0,3995.0,4025.0,1062
2024-07-18,4020.0,4031.0,3976.0,3977.0,2106
2024-07-19,3968.0,3973.0,3925.0,3934.0,2738
2024-07-22,3933.0,3948.0,3915.0,3946.0,2860
2024-07-23,3976.0,4001.0,3952.0,3964.0,1271
2024-07-24,3960.0,3974.0,3920.0,3935.0,2423
2024-07-25,3939.0,4012.0,3919.0,4007.0,1308
2024-07-26,3997.0,4060.0,3995.0,4048.0,2458
2024-07-29,4014.0,4030.0,4010.0,4021.0,2753
2024-07-30,4011.0,4021.0,3986.0,3987.0,1447
2024-07-31,4015.0,4027.0,3961.0,3977.0,1881
2024-08-01,3984.0,3993.0,3958.0,3965.0,2627
2024-08-02,3985.0,4050.0,3960.0,4022.0,586
2024-08-05,4018.0,4069.0,4003.0,4067.0,890
2024-08-06,4039.0,4075.0,4036.0,4071.0,1952
2024-08-07,4057.0,4125.0,4044.0,4103.0,701
2024-08-08,4108.0,4153.0,4103.0,4142.0,2424
2024-08-09,4145.0,4152.0,4123.0,4147.0,945
2024-08-12,4147.0,4180.0,4140.0,4168.0,1145
2024-08-13,4161.0,4238.0,4159.0,4196.0,2469
2024-08-14,4207.0,4259.0,4191.0,4220.0,1675
2024-08-15,4213.0,4215.0,4181.0,4183.0,2414
2024-08-16,4187.0,4196.0,4151.0,4151.0,1955
2024-08-19,4153.0,4153.0,4130.0,4140.0,1639
2024-08-20,4136.0,4141.0,4098.0,4108.0,1629
2024-08-21,4098.0,4100.0,4033.0,4044.0,2447
2024-08-22,4038.0,4075.0,4031.0,4074.0,2997
2024-08-23,4097.0,4122.0,4066.0,4089.0,268
2024-08-26,4103.0,4107.0,4019.0,4029.0,1619
2024-08-27,4041.0,4042.0,3991.0,4020.0,2393
2024-08-28,4011.0,4018.0,4002.0,4013.0,2001
2024-08-29,3996.0,4020.0,3987.0,4018.0,1555
2024-08-30,4032.0,4037.0,3960.0,3970.0,2422
2024-09-02,3981.0,3995.0,3891.0,3914.0,1511
2024-09-03,3916.0,3945.0,3897.0,3936.0,582
2024-09-04,3932.0,3954.0,3851.0,3868.0,962
2024-09-05,3851.0,3868.0,3839.0,3861.0,322
2024-09-06,3871.0,3874.0,3844.0,3848.0,2165
2024-09-09,3862.0,3871.0,3840.0,3843.0,2924
2024-09-10,3835.0,3884.0,3808.0,3853.0,1262
2024-09-11,3845.0,3956.0,3821.0,3923.0,2250
2024-09-12,3938.0,3942.0,3848.0,3854.0,2950
2024-09-13,3846.0,3927.0,3824.0,3892.0,1301
2024-09-16,3913.0,3927.0,3781.0,3787.0,2670
2024-09-17,3785.0,3863.0,3775.0,3845.0,249
2024-09-18,3841.0,3847.0,3751.0,3760.0,2097
2024-09-19,3760.0,3867.0,3759.0,3861.0,665
2024-09-20,3857.0,3862.0,3829.0,3846.0,2388
2024-09-23,3859.0,3902.0,3854.0,3899.0,227
2024-09-24,3910.0,3953.0,3902.0,3943.0,2531
2024-09-25,3956.0,3980.0,3902.0,3924.0,1310
2024-09-26,3927.0,3931.0,3897.0,3909.0,863
2024-09-27,3904.0,3924.0,3854.0,3873.0,1753
2024-09-30,3873.0,3928.0,3865.0,3907.0,2971
2024-10-01,3902.0,3908.0,3885.0,3888.0,649
2024-10-02,3905.0,3911.0,3852.0,3853.0,1068
2024-10-03,3865.0,3906.0,3863.0,3875.0,1991
2024-10-04,3874.0,3889.0,3831.0,3836.0,462
2024-10-07,3825.0,3847.0,3816.0,3821.0,2871
2024-10-08,3838.0,3848.0,3820.0,3827.0,1666
2024-10-09,3829.0,3834.0,3788.0,3797.0,2973
2024-10-10,3796.0,3834.0,3776.0,3777.0,1362
2024-10-11,3794.0,3858.0,3791.0,3838.0,2532
2024-10-14,3832.0,3838.0,3797.0,3829.0,1126
2024-10-15,3825.0,3830.0,3806.0,3812.0,1442
2024-10-16,3810.0,3823.0,3797.0,3801.0,1171
2024-10-17,3786.0,3835.0,3779.0,3820.0,1732
2024-10-18,3824.0,3836.0,3755.0,3776.0,825
2024-10-21,3767.0,3799.0,3755.0,3790.0,1609
2024-10-22,3784.0,3814.0,3763.0,3801.0,2551
2024-10-23,3793.0,3805.0,3726.0,3729.0,635
2024-10-24,3722.0,3828.0,3685.0,3804.0,2420
2024-10-25,3795.0,3866.0,3789.0,3866.0,2592
2024-10-28,3868.0,3877.0,3812.0,3831.0,297
2024-10-29,3829.0,3840.0,3781.0,3784.0,2092
2024-10-30,3785.0,3810.0,3765.0,3795.0,1558
2024-10-31,3822.0,3849.0,3736.0,3737.0,1986
2024-11-01,3735.0,3803.0,3734.0,3791.0,1025
2024-11-04,3798.0,3808.0,3759.0,3770.0,816
2024-11-05,3778.0,3844.0,3773.0,3836.0,1003
2024-11-06,3835.0,3854.0,3794.0,3797.0,628
2024-11-07,3800.0,3825.0,3776.0,3791.0,1335
2024-11-08,3791.0,3858.0,3765.0,3845.0,2644
2024-11-11,3847.0,3848.0,3811.0,3830.0,2380
2024-11-12,3823.0,3850.0,3820.0,3841.0,702
2024-11-13,3835.0,3888.0,3828.0,3884.0,1762
2024-11-14,3884.0,3901.0,3857.0,3857.0,406
2024-11-15,3835.0,3846.0,3783.0,3802.0,366
2024-11-18,3819.0,3821.0,3723.0,3737.0,1951
2024-11-19,3762.0,3779.0,3750.0,3758.0,1047
2024-11-20,3760.0,3789.0,3748.0,3773.0,2172
2024-11-21,3780.0,3828.0,3749.0,3816.0,636
2024-11-22,3829.0,3848.0,3794.0,3800.0,534
2024-11-25,3785.0,3787.0,3726.0,3739.0,2202
2024-11-26,3750.0,3790.0,3631.0,3640.0,779
2024-11-27,3636.0,3761.0,3633.0,3754.0,362
2024-11-28,3780.0,3791.0,3769.0,3773.0,2408
2024-11-29,3770.0,3792.0,3770.0,3776.0,2175
2024-12-02,3786.0,3805.0,3766.0,3784.0,2802
2024-12-03,3782.0,3794.0,3711.0,3723.0,1877
2024-12-04,3747.0,3752.0,3683.0,3687.0,1534
2024-12-05,3681.0,3773.0,3665.0,3755.0,2077
2024-12-06,3769.0,3780.0,3758.0,3778.0,2417
2024-12-09,3785.0,3839.0,3741.0,3746.0,1961
2024-12-10,3750.0,3757.0,3671.0,3692.0,1094
2024-12-11,3695.0,3701.0,3660.0,3669.0,2691
2024-12-12,3661.0,3673.0,3649.0,3650.0,2169
2024-12-13,3622.0,3746.0,3615.0,3729.0,2656
2024-12-16,3741.0,3749.0,3713.0,3719.0,1760
2024-12-17,3714.0,3726.0,3659.0,3668.0,1459
2024-12-18,3680.0,3684.0,3624.0,3659.0,2560
2024-12-19,3663.0,3690.0,3646.0,3668.0,1912
2024-12-20,3681.0,3701.0,3589.0,3613.0,2372
2024-12-23,3622.0,3647.0,3616.0,3628.0,2691
2024-12-24,3601.0,3679.0,3597.0,3674.0,995
2024-12-25,3680.0,3709.0,3668.0,3677.0,740
2024-12-26,3673.0,3674.0,3630.0,3643.0,618
2024-12-27,3656.0,3660.0,3610.0,3618.0,1879
2024-12-30,3624.0,3640.0,3530.0,3548.0,2461
2024-12-31,3554.0,3572.0,3531.0,3540.0,2933
2025-01-01,3537.0,3563.0,3529.0,3551.0,291
2025-01-02,3541.0,3545.0,3508.0,3512.0,204
2025-01-03,3507.0,3602.0,3491.0,3583.0,2101
2025-01-06,3564.0,3629.0,3550.0,3613.0,954
2025-01-07,3607.0,3619.0,3533.0,3539.0,1532
2025-01-08,3524.0,3524.0,3448.0,3468.0,420
2025-01-09,3453.0,3470.0,3426.0,3426.0,410
2025-01-10,3428.0,3484.0,3406.0,3483.0,1678
2025-01-13,3489.0,3525.0,3470.0,3515.0,2127
2025-01-14,3515.0,3592.0,3492.0,3578.0,2681
2025-01-15,3572.0,3600.0,3571.0,3575.0,1552
2025-01-16,3564.0,3567.0,3552.0,3566.0,2007
2025-01-17,3563.0,3566.0,3505.0,3514.0,2608
2025-01-20,3505.0,3544.0,3499.0,3525.0,1409
2025-01-21,3524.0,3545.0,3515.0,3517.0,784
2025-01-22,3501.0,3511.0,3481.0,3505.0,2511
2025-01-23,3512.0,3579.0,3499.0,3565.0,206
2025-01-24,3559.0,3577.0,3543.0,3557.0,972
2025-01-27,3561.0,3632.0,3559.0,3610.0,565
2025-01-28,3619.0,3642.0,3531.0,3547.0,2001
2025-01-29,3551.0,3654.0,3540.0,3651.0,954
2025-01-30,3660.0,3661.0,3633.0,3634.0,1164
2025-01-31,3612.0,3676.0,3594.0,3661.0,2026
2025-02-03,3655.0,3695.0,3651.0,3692.0,1029
2025-02-04,3704.0,3708.0,3658.0,3670.0,1215
2025-02-05,3675.0,3708.0,3667.0,3701.0,1597
2025-02-06,3722.0,3767.0,3714.0,3736.0,531
2025-02-07,3756.0,3762.0,3679.0,3707.0,2818
2025-02-10,3710.0,3727.0,3656.0,3676.0,2948
2025-02-11,3673.0,3697.0,3650.0,3676.0,2196
2025-02-12,3665.0,3691.0,3663.0,3670.0,503
2025-02-13,3664.0,3730.0,3655.0,3723.0,1522
2025-02-14,3719.0,3779.0,3714.0,3751.0,1194
2025-02-17,3745.0,3762.0,3726.0,3746.0,665
2025-02-18,3736.0,3771.0,3720.0,3769.0,2654
2025-02-19,3773.0,3792.0,3679.0,3683.0,1362
2025-02-20,3702.0,3712.0,3652.0,3659.0,2027
2025-02-21,3669.0,3673.0,3653.0,3670.0,2135
2025-02-24,3666.0,3724.0,3661.0,3717.0,1095
2025-02-25,3728.0,3748.0,3701.0,3724.0,1176
2025-02-26,3728.0,3804.0,3718.0,3784.0,2916
2025-02-27,3784.0,3852.0,3770.0,3823.0,2508
2025-02-28,3822.0,3829.0,3800.0,3801.0,1603
2025-03-03,3799.0,3808.0,3791.0,3792.0,1693
2025-03-04,3800.0,3820.0,3782.0,3811.0,222
2025-03-05,3812.0,3826.0,3787.0,3791.0,771
2025-03-06,3783.0,3871.0,3774.0,3856.0,217
2025-03-07,3847.0,3857.0,3803.0,3808.0,2456
2025-03-10,3812.0,3822.0,3779.0,3822.0,2834
2025-03-11,3827.0,3854.0,3815.0,3852.0,654
2025-03-12,3848.0,3858.0,3837.0,3838.0,987
2025-03-13,3825.0,3828.0,3804.0,3816.0,1186
2025-03-14,3831.0,3856.0,3803.0,3812.0,2473
2025-03-17,3824.0,3863.0,3814.0,3846.0,1340
2025-03-18,3823.0,3828.0,3809.0,3824.0,321
2025-03-19,3840.0,3848.0,3778.0,3778.0,1840
2025-03-20,3776.0,3843.0,3754.0,3826.0,611
2025-03-21,3829.0,3856.0,3826.0,3844.0,2006
2025-03-24,3857.0,3901.0,3841.0,3888.0,2598
2025-03-25,3907.0,3932.0,3873.0,3921.0,389
2025-03-26,3933.0,4065.0,3905.0,4017.0,2983
2025-03-27,4020.0,4075.0,4012.0,4066.0,2056
2025-03-28,4049.0,4097.0,4015.0,4035.0,345
2025-03-31,4011.0,4067.0,4007.0,4059.0,816
2025-04-01,4070.0,4082.0,4023.0,4034.0,669
2025-04-02,4050.0,4063.0,4009.0,4016.0,2674
2025-04-03,4006.0,4044.0,3933.0,3954.0,2224
2025-04-04,3951.0,3959.0,3903.0,3944.0,1244
2025-04-07,3937.0,3980.0,3915.0,3971.0,1682
2025-04-08,3964.0,3974.0,3959.0,3970.0,1175
2025-04-09,3983.0,3990.0,3917.0,3922.0,1336
2025-04-10,3924.0,3924.0,3851.0,3859.0,1986
2025-04-11,3856.0,3959.0,3855.0,3953.0,744
2025-04-14,3985.0,4013.0,3968.0,3969.0,2327
2025-04-15,3952.0,3970.0,3935.0,3937.0,2847
2025-04-16,3943.0,3969.0,3936.0,3959.0,2927
2025-04-17,3946.0,4057.0,3946.0,4056.0,682
2025-04-18,4054.0,4094.0,4052.0,4086.0,1352
2025-04-21,4088.0,4105.0,3942.0,3962.0,942
2025-04-22,3973.0,4106.0,3941.0,4082.0,1977
2025-04-23,4079.0,4118.0,3996.0,4005.0,1108
2025-04-24,4000.0,4004.0,3993.0,3996.0,1305
2025-04-25,3993.0,3995.0,3938.0,3948.0,588
2025-04-28,3935.0,3956.0,3902.0,3918.0,1767
2025-04-29,3925.0,3961.0,3912.0,3934.0,1701
2025-04-30,3937.0,3967.0,3846.0,3848.0,1744
2025-05-01,3853.0,3860.0,3841.0,3850.0,1155
2025-05-02,3850.0,3905.0,3829.0,3905.0,2316
2025-05-05,3903.0,3937.0,3850.0,3873.0,1901
2025-05-06,3887.0,3903.0,3805.0,3819.0,694
2025-05-07,3831.0,3858.0,3817.0,3818.0,1230
2025-05-08,3834.0,3852.0,3800.0,3807.0,2049
2025-05-09,3811.0,3830.0,3776.0,3787.0,525
2025-05-12,3803.0,3812.0,3721.0,3741.0,1186
2025-05-13,3736.0,3774.0,3711.0,3768.0,2643
2025-05-14,3766.0,3817.0,3758.0,3798.0,1436
2025-05-15,3812.0,3837.0,3748.0,3759.0,1627
2025-05-16,3768.0,3779.0,3708.0,3724.0,2108
2025-05-19,3721.0,3749.0,3706.0,3734.0,1101
2025-05-20,3723.0,3737.0,3692.0,3695.0,2514
2025-05-21,3693.0,3714.0,3686.0,3708.0,245
2025-05-22,3700.0,3780.0,3700.0,3772.0,1523
2025-05-23,3792.0,3804.0,3759.0,3774.0,1873
2025-05-26,3783.0,3787.0,3722.0,3729.0,869
2025-05-27,3721.0,3765.0,3718.0,3750.0,2391
2025-05-28,3738.0,3756.0,3737.0,3745.0,422
2025-05-29,3736.0,3746.0,3701.0,3743.0,2020
2025-05-30,3736.0,3774.0,3723.0,3767.0,1973
2025-06-02,3765.0,3810.0,3751.0,3799.0,2405
2025-06-03,3812.0,3832.0,3764.0,3805.0,779
2025-06-04,3794.0,3838.0,3788.0,3808.0,633
2025-06-05,3834.0,3905.0,3832.0,3897.0,1825
2025-06-06,3886.0,3959.0,3876.0,3953.0,2920
2025-06-09,3937.0,4024.0,3930.0,3995.0,2397
2025-06-10,4016.0,4037.0,3969.0,4002.0,791
2025-06-11,4018.0,4021.0,3949.0,3962.0,1342
2025-06-12,3960.0,4021.0,3940.0,4014.0,946
2025-06-13,4018.0,4030.0,4004.0,4023.0,2383
2025-06-16,4028.0,4042.0,3999.0,3999.0,1634
2025-06-17,4001.0,4049.0,3990.0,3992.0,1424
2025-06-18,3976.0,3989.0,3954.0,3955.0,214
2025-06-19,3926.0,4005.0,3904.0,4003.0,1974
2025-06-20,3993.0,4036.0,3973.0,4034.0,1438
2025-06-23,4056.0,4097.0,4043.0,4043.0,311
2025-06-24,4066.0,4071.0,4032.0,4047.0,748
2025-06-25,4043.0,4059.0,4004.0,4018.0,2234
2025-06-26,4007.0,4036.0,3913.0,3928.0,2297
2025-06-27,3931.0,3942.0,3845.0,3869.0,1582
2025-06-30,3875.0,3885.0,3832.0,3839.0,2321
2025-07-01,3846.0,3866.0,3785.0,3804.0,2267
2025-07-02,3775.0,3834.0,3769.0,3822.0,1924
2025-07-03,3859.0,3887.0,3852.0,3861.0,783
2025-07-04,3874.0,3883.0,3851.0,3857.0,1380
2025-07-07,3855.0,3940.0,3844.0,3921.0,2485
2025-07-08,3912.0,3953.0,3871.0,3888.0,1068
2025-07-09,3900.0,3913.0,3878.0,3882.0,2048
2025-07-10,3888.0,3905.0,3868.0,3883.0,2516
2025-07-11,3885.0,3935.0,3862.0,3934.0,1693
2025-07-14,3940.0,3964.0,3925.0,3942.0,1619
2025-07-15,3941.0,3953.0,3923.0,3950.0,725
2025-07-16,3954.0,3978.0,3874.0,3880.0,1590
2025-07-17,3888.0,3889.0,3833.0,3845.0,317
2025-07-18,3849.0,3899.0,3841.0,3894.0,517
2025-07-21,3897.0,3903.0,3804.0,3807.0,1717
2025-07-22,3823.0,3866.0,3808.0,3863.0,811
2025-07-23,3845.0,3889.0,3832.0,3886.0,1172
2025-07-24,3877.0,3902.0,3843.0,3857.0,1209
2025-07-25,3857.0,3864.0,3818.0,3822.0,1525
2025-07-28,3813.0,3924.0,3794.0,3905.0,2156
2025-07-29,3900.0,3974.0,3875.0,3967.0,1449
2025-07-30,3983.0,3995.0,3963.0,3964.0,2566
2025-07-31,3963.0,3989.0,3951.0,3973.0,1550
2025-08-01,3951.0,3967.0,3928.0,3945.0,2980
2025-08-04,3940.0,3958.0,3913.0,3949.0,2998
2025-08-05,3950.0,3970.0,3917.0,3921.0,1396
2025-08-06,3921.0,3923.0,3919.0,3920.0,2343
2025-08-07,3926.0,4020.0,3906.0,3999.0,1468
2025-08-08,4004.0,4007.0,3972.0,3994.0,2650
2025-08-11,3993.0,4003.0,3932.0,3947.0,2344
2025-08-12,3933.0,3948.0,3888.0,3891.0,1147
2025-08-13,3886.0,3906.0,3877.0,3898.0,1099
2025-08-14,3891.0,3911.0,3863.0,3867.0,2666
2025-08-15,3864.0,3884.0,3854.0,3880.0,1713
2025-08-18,3888.0,3891.0,3807.0,3812.0,2145
2025-08-19,3817.0,3855.0,3814.0,3841.0,2095
2025-08-20,3851.0,3865.0,3782.0,3797.0,664
2025-08-21,3793.0,3807.0,3770.0,3799.0,861
2025-08-22,3816.0,3822.0,3784.0,3788.0,2721
2025-08-25,3796.0,3866.0,3794.0,3862.0,982
2025-08-26,3863.0,3900.0,3846.0,3868.0,2631
2025-08-27,3875.0,3960.0,3851.0,3953.0,1197
2025-08-28,3945.0,3996.0,3937.0,3976.0,2570
2025-08-29,3951.0,4046.0,3948.0,4040.0,1817
2025-09-01,4033.0,4058.0,4028.0,4029.0,478
2025-09-02,4039.0,4057.0,4033.0,4045.0,957
2025-09-03,4046.0,4107.0,4033.0,4100.0,2867
2025-09-04,4099.0,4161.0,4084.0,4141.0,782
2025-09-05,4130.0,4173.0,4104.0,4164.0,837
2025-09-08,4140.0,4166.0,4136.0,4148.0,618
2025-09-09,4166.0,4172.0,4111.0,4140.0,1906
2025-09-10,4137.0,4193.0,4119.0,4189.0,2466
2025-09-11,4184.0,4263.0,4183.0,4250.0,2821
2025-09-12,4241.0,4259.0,4195.0,4223.0,2680
2025-09-15,4239.0,4242.0,4185.0,4187.0,2674
2025-09-16,4198.0,4240.0,4117.0,4143.0,2733
2025-09-17,4131.0,4183.0,4118.0,4179.0,1789
2025-09-18,4193.0,4196.0,4135.0,4136.0,2500
2025-09-19,4134.0,4201.0,4132.0,4173.0,1977
2025-09-22,4166.0,4212.0,4150.0,4198.0,584
2025-09-23,4194.0,4202.0,4164.0,4171.0,268
2025-09-24,4161.0,4248.0,4146.0,4242.0,473
2025-09-25,4225.0,4236.0,4162.0,4172.0,1168
2025-09-26,4182.0,4254.0,4169.0,4247.0,1597
2025-09-29,4244.0,4284.0,4213.0,4261.0,1987
2025-09-30,4269.0,4287.0,4134.0,4165.0,1659
2025-10-01,4168.0,4257.0,4153.0,4236.0,1225
2025-10-02,4243.0,4291.0,4211.0,4278.0,2251
2025-10-03,4252.0,4260.0,4237.0,4257.0,2611
2025-10-06,4245.0,4272.0,4201.0,4212.0,824
2025-10-07,4220.0,4237.0,4130.0,4136.0,932
2025-10-08,4120.0,4248.0,4117.0,4246.0,2806
2025-10-09,4251.0,4253.0,4191.0,4199.0,2917
2025-10-10,4182.0,4193.0,4130.0,4139.0,1067
2025-10-13,4139.0,4169.0,4121.0,4149.0,1626
2025-10-14,4169.0,4176.0,4068.0,4073.0,1817
2025-10-15,4082.0,4099.0,4007.0,4027.0,1977
2025-10-16,4005.0,4092.0,3985.0,4071.0,2619
2025-10-17,4081.0,4119.0,4061.0,4090.0,496
2025-10-20,4112.0,4120.0,4059.0,4068.0,1665
2025-10-21,4103.0,4105.0,4062.0,4069.0,806
2025-10-22,4075.0,4082.0,4041.0,4049.0,2309
2025-10-23,4032.0,4069.0,4016.0,4046.0,1870
2025-10-24,4051.0,4055.0,4001.0,4008.0,2297
2025-10-27,4027.0,4029.0,3971.0,3982.0,2734
2025-10-28,3979.0,3981.0,3934.0,3954.0,2412
2025-10-29,3967.0,3976.0,3908.0,3920.0,2591
2025-10-30,3910.0,3987.0,3910.0,3964.0,2470
2025-10-31,3968.0,3999.0,3968.0,3996.0,1951
2025-11-03,3966.0,3998.0,3951.0,3957.0,1298
2025-11-04,3946.0,3961.0,3902.0,3907.0,1141
2025-11-05,3907.0,3916.0,3872.0,3897.0,1217
2025-11-06,3893.0,3999.0,3881.0,3993.0,1900
2025-11-07,3978.0,3983.0,3935.0,3946.0,2449
2025-11-10,3940.0,3968.0,3904.0,3940.0,1227
2025-11-11,3944.0,3951.0,3936.0,3944.0,1823
2025-11-12,3943.0,3982.0,3909.0,3937.0,1358
2025-11-13,3938.0,3943.0,3899.0,3917.0,1901
2025-11-14,3926.0,3966.0,3924.0,3966.0,2492
2025-11-17,3962.0,3993.0,3959.0,3986.0,1353
2025-11-18,4002.0,4058.0,3976.0,4023.0,1311
2025-11-19,4011.0,4079.0,3993.0,4050.0,764
2025-11-20,4073.0,4106.0,4059.0,4089.0,1596
2025-11-21,4102.0,4174.0,4097.0,4159.0,1479
2025-11-24,4155.0,4253.0,4116.0,4220.0,648
2025-11-25,4217.0,4340.0,4206.0,4329.0,2915
2025-11-26,4331.0,4403.0,4331.0,4386.0,2606
2025-11-27,4394.0,4395.0,4342.0,4351.0,1014
2025-11-28,4365.0,4405.0,4355.0,4388.0,2844
2025-12-01,4371.0,4431.0,4340.0,4421.0,961
2025-12-02,4427.0,4515.0,4418.0,4512.0,1372
2025-12-03,4484.0,4489.0,4439.0,4464.0,566
2025-12-04,4461.0,4511.0,4452.0,4491.0,1913
2025-12-05,4511.0,4515.0,4443.0,4455.0,1547
2025-12-08,4436.0,4499.0,4422.0,4481.0,948
2025-12-09,4459.0,4486.0,4454.0,4470.0,1007
2025-12-10,4473.0,4509.0,4463.0,4493.0,2818
2025-12-11,4511.0,4517.0,4399.0,4420.0,2123
2025-12-12,4425.0,4485.0,4415.0,4460.0,628
2025-12-15,4434.0,4489.0,4428.0,4468.0,578
2025-12-16,4446.0,4496.0,4433.0,4474.0,396
2025-12-17,4476.0,4574.0,4466.0,4569.0,892
2025-12-18,4553.0,4556.0,4544.0,4547.0,2266
2025-12-19,4548.0,4566.0,4543.0,4560.0,373
2025-12-22,4562.0,4597.0,4549.0,4564.0,897
2025-12-23,4558.0,4575.0,4548.0,4571.0,316
2025-12-24,4596.0,4702.0,4590.0,4688.0,2018
2025-12-25,4697.0,4707.0,4679.0,4688.0,2479
2025-12-26,4705.0,4710.0,4647.0,4655.0,1681
2025-12-29,4667.0,4752.0,4659.0,4750.0,2736
2025-12-30,4748.0,4762.0,4726.0,4735.0,2127
2025-12-31,4732.0,4765.0,4606.0,4650.0,2338
